Comparison	Signature	Sample	Age	Cell_type	pval	padj	ES	NES	nMoreExtreme	size	leadingEdge	Dataset	leadingEdge_top
HGG-G34R.V_vs_HGG-IDH	Str/SVZ 5-Neurogenic progenitor	Striatum	Mouse P9	Str/SVZ 5-Neurogenic progenitor	1.5971889474524837e-4	5.342431335211119e-4	0.8172461222526324	3.0426015042097214	0	96	DLX1, DLX2, SP8, CDCA3, CENPA, SPC24, HJURP, CDCA8, CCNB1, NCAPD2, CKS2, TPX2, CENPF, TUBB, RACGAP1, KIF23, MKI67, CKS1B, BIRC5, CKAP2L, CDCA2, FAM64A, ASPM, RRM2, UBE2C, TOP2A, NUSAP1, PRC1, KIF15, MDK, CENPE, DLX5, SMC4, CDCA7, ATAD2, NEIL3, LMNB1, CASC5, CCDC34, KIF11, TMPO, HMMR, CCNA2, CDK1, PSRC1, HMGB2, CCNG2, TUBA1B, PBK, SMC2, ECT2, EZH2, MPPED2, CDKN2C, TOX3, H2AFX, CENPP, CKAP2, SOX11, MXD3, DEK, HDGF, SP9, H2AFZ, SPC25, CDK4, NFIB, NRXN3, CCND2, DDAH2, TIAM2	Anderson et al 2020	DLX1, DLX2, SP8, CDCA3, CENPA, SPC24, HJURP, CDCA8, CCNB1, NCAPD2, CKS2, TPX2, CENPF, TUBB, RACGAP1, KIF23, MKI67, CKS1B, BIRC5, CKAP2L, CDCA2, FAM64A, ASPM, RRM2, UBE2C, TOP2A, NUSAP1, PRC1, KIF15, MDK, CENPE, DLX5, SMC4, CDCA7, ATAD2, NEIL3, LMNB1, CASC5, CCDC34, KIF11, TMPO, HMMR, CCNA2, CDK1, PSRC1, HMGB2, CCNG2, TUBA1B, PBK, SMC2
HGG-G34R.V_vs_HGG-IDH	Str/SVZ 7-Neurogenic progenitor	Striatum	Mouse P9	Str/SVZ 7-Neurogenic progenitor	1.6103059581320451e-4	5.342431335211119e-4	0.7664760093236034	2.835899953260364	0	93	DLX1, DLX2, TEAD2, CDCA3, CENPA, CENPM, CDCA8, E2F1, DTL, CKS2, TPX2, CENPF, MKI67, CKS1B, BIRC5, CLSPN, RRM2, UBE2C, POU3F2, MMS22L, TOP2A, HAT1, PRC1, MDK, SMC4, CDCA7, ATAD2, NEIL3, LMNB1, DTYMK, CCDC34, HELLS, TMPO, CCNA2, SIVA1, HMGB2, TUBA1B, PBK, SMC2, EZH2, EGFR, H2AFX, H2AFY, SETBP1, DCTPP1, CENPP, TEAD1, SOX11, NELL2, DEK, HDGF, NFIA, H2AFZ, SPC25, CDK4, CCND2, LSM4, SNRPB, NFIX, RAD51B, MSI2, ANP32E, USP1, LIMA1, EIF5A	Anderson et al 2020	DLX1, DLX2, TEAD2, CDCA3, CENPA, CENPM, CDCA8, E2F1, DTL, CKS2, TPX2, CENPF, MKI67, CKS1B, BIRC5, CLSPN, RRM2, UBE2C, POU3F2, MMS22L, TOP2A, HAT1, PRC1, MDK, SMC4, CDCA7, ATAD2, NEIL3, LMNB1, DTYMK, CCDC34, HELLS, TMPO, CCNA2, SIVA1, HMGB2, TUBA1B, PBK, SMC2
HGG-G34R.V_vs_HGG-IDH	HF RG-early	Human fetal cortex/MGE	Human fetal	earlyRG	1.5928639694170118e-4	5.342431335211119e-4	0.7207553612110259	2.6982788814455034	0	100	OTX1, NR2E1, GLI2, CDCA3, SPC24, CKS2, SERTAD4, KIAA0101, CDC25C, PTTG1, HMGN2, CKS1B, CENPN, FAM64A, RAD51AP1, RRM2, UBE2C, TTK, AJUBA, NCAPG, UBE2T, CDKN3, TYMS, PRC1, KIF15, CENPE, MND1, NDC80, HIST1H4C, CENPW, CENPU, HMGB2, PBK, TFAP2C, HIST1H1C, HIST1H1E, ZNF217, UBB, HIST1H2BK, EIF1AD, MCAM, POLR2L, POLR2L, GMNN, PCNA, PCNA, RBBP8, ZNF844, SNHG15, SNHG15, SNHG15, SNHG15, PPM1D, DARS, HSPE1, VIM, TCF7L1, MFAP2, NSUN4, CASP3, FGFR3	Nowakowski et al 2017	OTX1, NR2E1, GLI2, CDCA3, SPC24, CKS2, SERTAD4, KIAA0101, CDC25C, PTTG1, HMGN2, CKS1B, CKS1B, CENPN, FAM64A, RAD51AP1, RRM2, UBE2C, TTK, AJUBA, NCAPG, UBE2T, CDKN3, TYMS, PRC1, KIF15, CENPE, MND1, NDC80, HIST1H4C, CENPW, CENPU, HMGB2, PBK, TFAP2C, HIST1H1C, HIST1H1E
HGG-G34R.V_vs_HGG-IDH	VSVZ-2 aNSC+TAC+NB	V-SVZ	Mouse adult	VSVZ-2 aNSC+TAC+NB	1.6265452179570593e-4	5.342431335211119e-4	0.7126604967408128	2.615053640891251	0	89	DLX1, DLX2, CDCA3, ARX, SPC24, MCM6, CDCA8, MCM5, NCAPD2, CKS2, TUBB, RACGAP1, KIAA0101, MKI67, CKS1B, BIRC5, FAM64A, RRM2, UBE2C, TOP2A, TYMS, MDK, LIG1, MCM7, HMGB3, SMC4, CDCA7, CENPH, LMNB1, TMPO, CCNA2, CDK1, HMGB2, DCX, PBK, MEX3A, NREP, EZH2, H2AFX, SOX11, BANF1, H2AFZ, CDK4, NFIB, CCND2, DDAH2, NFIX, TIAM2, MFAP2	Mizrak et al 2019	DLX1, DLX2, CDCA3, ARX, SPC24, MCM6, CDCA8, MCM5, NCAPD2, CKS2, TUBB, RACGAP1, KIAA0101, MKI67, CKS1B, BIRC5, FAM64A, RRM2, UBE2C, TOP2A, TYMS, MDK, LIG1, MCM7, HMGB3, SMC4, CDCA7, CENPH, LMNB1, TMPO, CCNA2, CDK1, HMGB2, DCX, PBK, MEX3A, NREP
HGG-G34R.V_vs_HGG-IDH	HF MGE-RG2	Human fetal cortex/MGE	Human fetal	MGE Radial Glia 2	1.5928639694170118e-4	5.342431335211119e-4	0.6901362885592432	2.583650809908258	0	100	TIMELESS, VEPH1, E2F7, PROM1, MCM5, CDK2, DTL, MCM3, MCM4, CHAF1A, BRIP1, KIAA0101, LIMD1, RAD51AP1, WDHD1, ILDR2, LIPG, GINS2, ORC6, TYMS, PLK4, CDK6, MCM7, KNTC1, MCM10, FEN1, RORB, BRCA1, HELLS, WDR76, BRCA2, CDK1, PDLIM3, LRR1, CENPU, CHEK1, RAD18, NOTCH1, LMO1, EGFR, RBL1, TOX3, C5orf30, SMC1A, RFC3, GMNN, PCNA, PCNA, PDPN, UNG, EMP2, ZNF473, CCND2, DHFR, FZD5, DAXX, CDC7, TCF7L1, PRMT5, UTP20	Nowakowski et al 2017	TIMELESS, VEPH1, E2F7, PROM1, MCM5, CDK2, DTL, MCM3, MCM4, CHAF1A, BRIP1, KIAA0101, LIMD1, RAD51AP1, WDHD1, ILDR2, LIPG, GINS2, ORC6, TYMS, PLK4, CDK6, MCM7, KNTC1, MCM10, FEN1, RORB, BRCA1, HELLS, WDR76, BRCA2, CDK1, PDLIM3, LRR1, CENPU, CHEK1, RAD18
HGG-G34R.V_vs_HGG-IDH	VSVZ-1 aNSC+TAC+NB	V-SVZ	Mouse adult	VSVZ-1 aNSC+TAC+NB	1.6103059581320451e-4	5.342431335211119e-4	0.6361150032627678	2.353574653449427	0	93	DLX1, DLX2, ARX, SPC24, CDCA8, CKS2, TUBB, KIAA0101, PTTG1, CKS1B, BIRC5, RRM2, UBE2C, TOP2A, GAD2, TYMS, MDK, LIG1, DLX5, MCM7, HMGB3, SMC4, CDCA7, HMGB2, DBN1, DCX, TUBA1B, PBK, MEX3A, NREP, H2AFX, SOX11, PCNA, MEIS2, SP9, BANF1, H2AFZ, CDK4, NFIB, ACTG1, CCND2, DDAH2, NFIX, TIAM2, MFAP2	Mizrak et al 2019	DLX1, DLX2, ARX, SPC24, CDCA8, CKS2, TUBB, KIAA0101, PTTG1, CKS1B, BIRC5, RRM2, UBE2C, TOP2A, GAD2, TYMS, MDK, LIG1, DLX5, MCM7, HMGB3, SMC4, CDCA7, HMGB2, DBN1, DCX, TUBA1B, PBK, MEX3A, NREP
HGG-G34R.V_vs_HGG-IDH	HF MGE-IPC3	Human fetal cortex/MGE	Human fetal	MGE Progenitors	1.5928639694170118e-4	5.342431335211119e-4	0.619732743784182	2.320082325691557	0	100	DLX1, DLX2, MCM2, METAP1D, CENPF, HMGN2, E2F2, CLSPN, ILDR2, DLX6, HAT1, GAD2, GINS2, NUDT1, SF3B4, DLX5, CDK6, TCF3, CDCA7, HELLS, CITED2, HMGB2, TUBA1B, MYO1B, LMO1, RBL1, TOX3, UPF3B, TEAD1, SREBF2, RGS16, FBXW7, SP9, CCND2, RND3, NRF1, OLA1, MSI2, CCNE2, ZC3H12C, ANP32E, USP1	Nowakowski et al 2017	DLX1, DLX2, MCM2, METAP1D, CENPF, HMGN2, E2F2, CLSPN, ILDR2, DLX6, HAT1, GAD2, GINS2, NUDT1, SF3B4, DLX5, CDK6, TCF3, CDCA7, HELLS, CITED2, HMGB2, TUBA1B
HGG-G34R.V_vs_HGG-IDH	Str/SVZ 8-Neurogenic progenitor	Striatum	Mouse P9	Str/SVZ 8-Neurogenic progenitor	1.5971889474524837e-4	5.342431335211119e-4	0.6003585667444522	2.2351306766766115	0	96	DLX1, DLX2, SP8, SEL1L3, CDCA7L, PAX6, TUBB, MAML3, GAD2, ROBO2, TP53I11, BCL11A, SYNPR, MDK, DLX5, CDCA7, AUTS2, FOXN3, CITED2, HIST3H2BB, MEX3A, CARHSP1, MPPED2, TOX3, BASP1, SOX11, MEIS2, SP9, CDK4, NFIB, NRXN3, PBX1, CCND2, VIM, PTPRS, DDAH2, NFIX, TIAM2, RND3, MFAP2, BTG1, PROX1	Anderson et al 2020	DLX1, DLX2, SP8, SEL1L3, CDCA7L, PAX6, TUBB, MAML3, GAD2, ROBO2, TP53I11, BCL11A, SYNPR, MDK, DLX5, CDCA7, AUTS2, FOXN3, CITED2, HIST3H2BB, MEX3A
HGG-G34R.V_vs_HGG-IDH	HF tRG	Human fetal cortex/MGE	Human fetal	Truncated Radial Glia	1.5928639694170118e-4	5.342431335211119e-4	0.5908347086410554	2.211897271318942	0	100	MOXD1, PAX6, FZD8, GLI3, LDLR, TAGLN2, LTBP1, ADAM33, LIPG, AJUBA, HES1, ANGPTL1, LAMB2, BMP7, MEGF10, SHROOM3, NRG1, DOK5, ST5, CDO1, SFRP1, LRIG3, PDLIM3, PSRC1, TFAP2C, PLCH1, EVA1C, EGFR, GPR98, HEG1, COL4A6, MCAM, BOC, ZFP36L1, H6PD, TMEM132B, KIAA1161, PSAT1, MAST4, FGFBP3, PLEKHG1, ITGB8, ANKFN1, LRP10, LGALS3BP, CTGF, PPARGC1A, LRRC3B, SALL3	Nowakowski et al 2017	MOXD1, PAX6, FZD8, GLI3, LDLR, TAGLN2, LTBP1, ADAM33, LIPG, AJUBA, HES1, ANGPTL1, LAMB2, BMP7, MEGF10, SHROOM3, NRG1, DOK5, ST5, CDO1, SFRP1, LRIG3, PDLIM3, PSRC1, TFAP2C, PLCH1
HGG-G34R.V_vs_HGG-IDH	F-e12 DRGC	Forebrain E12.5	Mouse E12.5	Dorsal radial glial cells	1.5928639694170118e-4	5.342431335211119e-4	0.5821848659045876	2.179515010652272	0	100	DMRTA2, PAX6, MCM2, MCM6, GLI3, MCM5, MCM3, MCM4, PLAGL1, HES1, NEUROG2, GINS2, MDK, MCM7, HES5, INSIG1, CDCA7, FABP7, SFRP1, HELLS, SIVA1, EMX2, MPPED2, SOX9, DCTPP1, LHX2, DEK, ZFP36L1, UNG, PSAT1, NFIB, CCND2, VIM	Jessa et al 2019	DMRTA2, PAX6, MCM2, MCM6, GLI3, MCM5, MCM3, MCM4, PLAGL1, HES1, NEUROG2, GINS2, MDK, MCM7, HES5, INSIG1, CDCA7, FABP7, SFRP1, HELLS, SIVA1, EMX2
HGG-G34R.V_vs_HGG-IDH	HF vRG	Human fetal cortex/MGE	Human fetal	Ventricular Radial Glia	1.5928639694170118e-4	5.342431335211119e-4	0.5754945426882319	2.154468567966912	0	100	MOXD1, VEPH1, PAX6, GLI3, CELSR1, SLCO1C1, LIPG, MLC1, HES1, YAP1, ANGPTL1, SLC1A3, SALL1, BMP7, MEGF10, SHROOM3, NRG1, FABP7, SFRP1, PDLIM3, NOTCH2, TFAP2C, NOTCH1, F3, COL27A1, SOX9, COL4A6, ARAP2, HOPX, ZFP36L1, EMP2, TMEM132B, TNC, KIAA1161, PSAT1, FGFBP3, VIM, LAMA1, ITGB8, LRRC3B, SALL3, RHOJ, PPAP2B, IQGAP2, C8orf4, CREB5, STOX1, LPCAT1	Nowakowski et al 2017	MOXD1, VEPH1, PAX6, GLI3, CELSR1, SLCO1C1, LIPG, MLC1, HES1, YAP1, ANGPTL1, SLC1A3, SALL1, BMP7, MEGF10, SHROOM3, NRG1, FABP7, SFRP1, PDLIM3, NOTCH2, TFAP2C
HGG-G34R.V_vs_HGG-IDH	F-e15 DRGC	Forebrain E15.5	Mouse E15.5	Dorsal radial glial cells	1.5775358889414735e-4	5.342431335211119e-4	0.5456483884825769	2.0672459053430896	0	109	NR2E1, TEAD2, PAX6, MCM2, MCM6, MCM5, MCM3, SERPINH1, PLAGL1, HES1, GINS2, SLC1A3, MDK, HES5, CDCA7, FABP7, SFRP1, HELLS, SIVA1, EMX2, GRB10, SOX9, DCTPP1, LHX2, DEK, ZFP36L1, UNG, H2AFZ, PSAT1, CCND2, VIM, HNRNPF, MFAP2, METTL1, HSPD1, EIF5AL1, EIF5A, MT3, PFN1	Jessa et al 2019	NR2E1, TEAD2, PAX6, MCM2, MCM6, MCM5, MCM3, SERPINH1, PLAGL1, HES1, GINS2, SLC1A3, MDK, HES5, CDCA7, FABP7, SFRP1, HELLS, SIVA1, EMX2
HGG-G34R.V_vs_HGG-IDH	F-e12 PERI	Forebrain E12.5	Mouse E12.5	Pericytes	1.6126431220770844e-4	5.342431335211119e-4	0.5568695195532213	2.0558461836414095	0	92	HEYL, SERPINH1, TBX2, TAGLN2, SEPT11, NID1, BGN, PCOLCE, PDGFRB, FSTL1, CD248, PCDH18, NDUFA4L2, COL4A2, GNG11, LGALS1, COL4A1, MCAM, KCNJ8, RASGRP2, MFGE8, CRIP1, PPIC, UACA, EVA1B, ITGA1, TGFB1I1, RGS5, GJA4, LRRC32, C1orf54, ABCC9, GSTK1, RHOJ, ESAM, VTN, PFN1, FOXS1, LAMB1, MYH9, COX4I2, ECSCR	Jessa et al 2019	HEYL, SERPINH1, TBX2, TAGLN2, SEPT11, NID1, BGN, PCOLCE, PDGFRB
HGG-G34R.V_vs_HGG-IDH	HF nIN1	Human fetal cortex/MGE	Human fetal	MGE newborn neurons 1	1.5928639694170118e-4	5.342431335211119e-4	0.5046221198363802	1.8891447533279022	0	100	DLX1, DLX2, ARX, TMEM2, PLXNA2, METAP1D, ARL4D, DLX6, GAD2, SOX1, DLX5, SMARCD1, CDK6, FAM65B, ST8SIA5, PDGFD, CCSER1, DCX, EFNA5, MYO1B, TOX3, FNBP1L, TPGS2, KIAA1958, SP9, UBE4B, ZNF536, ZFHX2, PLS3, NRXN3	Nowakowski et al 2017	DLX1, DLX2, ARX, TMEM2, PLXNA2, METAP1D, ARL4D, DLX6, GAD2, SOX1, DLX5, SMARCD1, CDK6, FAM65B, ST8SIA5, PDGFD, CCSER1, DCX
HGG-G34R.V_vs_HGG-IDH	HF Mural	Human fetal cortex/MGE	Human fetal	Mural/Pericyte	1.5928639694170118e-4	5.342431335211119e-4	0.4863888083739732	1.8208850331710287	0	100	INPP4B, HEYL, NID1, BGN, CDH6, NOTCH3, LAMC3, PDGFRB, SLC38A11, CD248, PCDH18, NODAL, NDUFA4L2, COL4A2, KCNE4, GNG11, COL4A1, MCAM, ITGA11, KCNJ8, AVPR1A, OLFML2A, PRKG1, ENPEP, TMEM204, ITGA1, RGS5, LRRC32, ABCC9, ANPEP, PDE7B, ECM1, CCDC3, FN1, ARHGAP42, COBLL1, SLC6A12, LAMA2, ARHGAP29, CYTH3, LAMA4, UNC5B, GPER1, CHST2	Nowakowski et al 2017	INPP4B, HEYL, NID1, BGN, CDH6, NOTCH3, LAMC3, PDGFRB, SLC38A11
HGG-G34R.V_vs_HGG-IDH	HF IPC-nEN3	Human fetal cortex/MGE	Human fetal	Intermediate Progenitor Cells EN-like 3	1.5928639694170118e-4	5.342431335211119e-4	0.48297687048205706	1.8081118226560318	0	100	TEAD2, CBFA2T2, PAX6, TGIF2, TGIF2, LIMD1, MLC1, MAGI1, EOMES, SNCAIP, MDK, TMTC2, MEGF10, GPC2, POU2F1, TFAP2C, KIF26B, HEG1, MFAP4, NKAIN3, LZTS1, NHLH1, RGS16, RASGRP1, SDC2, MAP6, NFIX, MFAP2, LPPR4, TMEM158, DUSP10, MYO10, DUSP12, DNM2, FAM127A, ZHX3, MED27, MAD2L2, COL4A5, SCRN1, PEX19	Nowakowski et al 2017	TEAD2, CBFA2T2, PAX6, TGIF2, TGIF2, LIMD1, MLC1, MAGI1, EOMES, SNCAIP, MDK, TMTC2, MEGF10, GPC2, POU2F1, TFAP2C
HGG-G34R.V_vs_HGG-IDH	Str/SVZ 35-Mural	Striatum	Mouse P9	Str/SVZ 35-Mural	3.200512081933109e-4	6.042088229443813e-4	0.48264573715427767	1.8009790152355802	1	98	PDE3A, INPP4B, HEYL, SERPINH1, TBX2, NID1, SLC16A12, NOTCH3, PDGFRB, SLC38A11, CD248, PCDH18, NDUFA4L2, COL1A2, COL4A2, LHFP, MYL9, GNG11, COL4A1, MCAM, KCNJ8, PLXDC1, MAST4, NR2F2, UACA, EVA1B, ITGA1, RGS5, ANO1, MICB, GJA4, ABCC9, IL34, RHOJ, DOCK6, VTN, FN1, ARHGAP42, COBLL1, ARHGAP29, RBPMS, LAMA4, S1PR3, FLT1, CALD1, GPER1, FAM101A, EGFLAM	Anderson et al 2020	PDE3A, INPP4B, HEYL, SERPINH1, TBX2, NID1, SLC16A12, NOTCH3, PDGFRB, SLC38A11
HGG-G34R.V_vs_HGG-IDH	HF nIN4	Human fetal cortex/MGE	Human fetal	MGE newborn neurons 4	1.5928639694170118e-4	5.342431335211119e-4	0.4742870464033628	1.7755798845576174	0	100	DLX1, DLX2, ARX, TMEM2, TAC3, DLX6, GAD2, SOX1, DLX5, DCX, EFNA5, MYO1B, TOX3, SOX11, FBXW7, SP9, PLS3, ASAP1, NRXN3, ACTG1, SEMA6D, RND3, SNTG1, DACH2, SP3, H1F0, NUP43, KIAA0922	Nowakowski et al 2017	DLX1, DLX2, ARX, TMEM2, TAC3, DLX6, GAD2, SOX1, DLX5, DCX
HGG-G34R.V_vs_HGG-IDH	F-p3 PERI	Forebrain P3	Mouse P3	Pericytes	4.878842088144414e-4	8.799340194689032e-4	0.48112438893381776	1.7634202391465337	2	88	HEYL, NID1, BGN, SPON2, SLC16A12, PCOLCE, NOTCH3, PDGFRB, SLC38A11, CD248, MYO1B, PCDH18, NDUFA4L2, COL4A2, GNG11, COL4A1, MCAM, KCNJ8, RASGRP2, ASPN, PLXDC1, FAM162B, ENPEP, UACA, EVA1B, ITGA1, TGFB1I1, RGS5, LURAP1L, GJA4, LRRC32, ABCC9, ANPEP, IL34, ESAM, VTN, FOXS1, LAMB1, COX4I2, LAMA4, S1PR3, PDLIM1, CALD1, GPER1	Jessa et al 2019	HEYL, NID1, BGN, SPON2, SLC16A12, PCOLCE, NOTCH3, PDGFRB, SLC38A11
HGG-G34R.V_vs_HGG-IDH	HF oRG	Human fetal cortex/MGE	Human fetal	Outer Radial Glia	3.1857279388340236e-4	6.042088229443813e-4	0.4663641982779581	1.7459192605398373	1	100	MOXD1, GLI2, VEPH1, SLCO1C1, MLC1, SLC1A3, NPNT, BMP7, NOTCH2, TRIM5, TRIM5, TRIM5, TRIM5, TRIM5, TRIM5, TRIM5, F3, EVA1C, RANBP3L, ARAP2, HOPX, ANKRD9, TMEM132B, TNC, LRRC10B, PSAT1, ANKFN1, SLC15A2, ATP10B, DIO2, LRRC3B, RHOJ, MT3, SOAT1, IQGAP2, KLHL21, GALNT16, C8orf4	Nowakowski et al 2017	MOXD1, GLI2, VEPH1, SLCO1C1, MLC1, SLC1A3, NPNT, BMP7, NOTCH2
HGG-G34R.V_vs_HGG-IDH	VSVZ-2 Fibroblast	V-SVZ	Mouse adult	VSVZ-2 Fibroblast	4.791566842357451e-4	8.7337377370972e-4	0.46685501834661647	1.7380979149267504	2	96	INPP4B, HEYL, SERPINH1, NID1, BGN, HSPB2, PCOLCE, NOTCH3, PDGFRB, CD248, PCDH18, NDUFA4L2, COL1A2, LHFP, HSPB1, MYL9, GNG11, LGALS1, COL4A1, MCAM, KCNJ8, RASGRP2, ASPN, PLXDC1, CRIP1, OGN, ENPEP, NR2F2, EVA1B, TGFB1I1, RGS5, ANO1, GJA4, ABCC9, IL34, VTN, ACTA2, FOXS1	Mizrak et al 2019	INPP4B, HEYL, SERPINH1, NID1, BGN, HSPB2, PCOLCE, NOTCH3, PDGFRB
HGG-G34R.V_vs_HGG-IDH	Str/SVZ 42-Endothelial	Striatum	Mouse P9	Str/SVZ 42-Endothelial	4.778591908251035e-4	8.7337377370972e-4	0.46296655673365483	1.7331995710042485	2	100	SERPINH1, IGFBP2, TFAP2B, NID1, BMP7, SLC16A12, PCOLCE, BICC1, CTHRC1, LAMC3, MRC2, COL5A2, COL1A2, COL4A2, ROR1, C1QTNF2, MFAP4, LGALS1, COL4A1, RANBP3L, EMP3, COL1A1, KANK2, NR2F2, LAMA1, SVIL, ROR2, ADAMTS12, MICB, HIC1, DCN, IL34, PDZRN3, RHOJ, VTN, WNT4	Anderson et al 2020	SERPINH1, IGFBP2, TFAP2B, NID1, BMP7, SLC16A12, PCOLCE, BICC1, CTHRC1, LAMC3, MRC2, COL5A2
HGG-G34R.V_vs_HGG-IDH	HF nIN5	Human fetal cortex/MGE	Human fetal	MGE newborn neurons 5	4.778591908251035e-4	8.7337377370972e-4	0.4628013415922513	1.7325810580511223	2	100	DLX1, DLX2, ARX, TMEM2, ARL4D, DLX6, GAD2, DLX5, FAM65B, DCX, DNMT3A, EFNA5, PCBP1, CARHSP1, CARHSP1, ZNF536, PLS3, ASAP1, NRXN3, CORO2B, PIP5K1B, RND3, IPO9, SPEN, EIF5A, BLOC1S1, ARNT, ABI2, ABAT, KIAA1715, ELMO2, KITLG, STXBP4, HTATSF1	Nowakowski et al 2017	DLX1, DLX2, ARX, TMEM2, ARL4D, DLX6, GAD2, DLX5, FAM65B, DCX, DNMT3A
HGG-G34R.V_vs_HGG-IDH	F-p6 PERI	Forebrain P6	Mouse P6	Pericytes	0.0016223231667748216	0.002686141636791098	0.45475020533103766	1.6745037876812177	9	91	INPP4B, HEYL, TBX2, NID1, BGN, HSPB2, PCOLCE, PDGFRB, SLC38A11, FSTL1, CD248, MYO1B, PCDH18, NDUFA4L2, COL4A2, GNG11, COL4A1, MCAM, KCNJ8, RASGRP2, ASPN, PLXDC1, FAM162B, ENPEP, EVA1B, HSPB2-C11orf52, ITGA1, TGFB1I1, RGS5, LURAP1L, GJA4, LRRC32, ABCC9, IL34, ESAM, VTN, FOXS1, LAMB1, COX4I2, S1PR3, PDLIM1, CALD1, GPER1	Jessa et al 2019	INPP4B, HEYL, TBX2, NID1, BGN, HSPB2, PCOLCE, PDGFRB, SLC38A11
HGG-G34R.V_vs_HGG-IDH	F-p0 PERI	Forebrain P0	Mouse P0	Pericytes	0.0016223231667748216	0.002686141636791098	0.45391666149317345	1.6714344711700004	9	91	HEYL, TBX2, NID1, BGN, SLC16A12, PDGFRB, SLC38A11, CD248, PCDH18, NDUFA4L2, COL4A2, GNG11, COL4A1, MCAM, KCNJ8, C22orf15, RASGRP2, ASPN, FAM162B, TMEM204, EVA1B, ITGA1, TGFB1I1, RGS5, LURAP1L, GJA4, C1orf54, ABCC9, ANPEP, IL34, RHOJ, ESAM, VTN, FOXS1, COBLL1, LAMB1, MYH9, COX4I2, ECSCR, RBPMS, LAMA4, S1PR3, PDLIM1, GPER1	Jessa et al 2019	HEYL, TBX2, NID1, BGN, SLC16A12, PDGFRB, SLC38A11
HGG-G34R.V_vs_HGG-IDH	F-e12 MGINH	Forebrain E12.5	Mouse E12.5	Medial ganglionic eminence-derived inhibitory neurons	0.0014460154241645244	0.0024341259640102827	0.4492862250999648	1.6653521028976181	8	94	DLX1, DLX2, ARX, UBA1, GAD2, DLX5, AUTS2, CITED2, DBN1, DCX, NREP, PPDPF, PTOV1, CARHSP1, MPPED2, UBB, AES, SOX11, MAGED1, TPGS2, SP9, NRXN3, DYNLRB1, DLGAP4, MIEN1, DNAJB6, DNAJB6, RND3	Jessa et al 2019	DLX1, DLX2, ARX, UBA1, GAD2, DLX5, AUTS2, CITED2, DBN1, DCX, NREP
HGG-G34R.V_vs_HGG-IDH	HF IN-CTX-CGE1	Human fetal cortex/MGE	Human fetal	CGE/LGE-derived inhibitory neurons	6.371455877668047e-4	0.0011000291344349963	0.4426288292952566	1.6570615866104597	3	100	DLX1, DLX2, SP8, SCGN, ARX, MEIS1, DLX6, MAGI1, GAD2, GAS2L3, SOX1, DLX5, FAM65B, ST8SIA5, CDH2, PLCG1, POU2F1, EPHA5, ARID1B, ELOVL6, PLS3, NRXN3, NR2F2, CCDC93, PDS5A, RND3, BTG1, BTG1, BTG1, STRIP1, PROX1, PDZRN3, SPEN	Nowakowski et al 2017	DLX1, DLX2, SP8, SCGN, ARX, MEIS1, DLX6, MAGI1, GAD2, GAS2L3, SOX1, DLX5, FAM65B, ST8SIA5, CDH2, PLCG1, POU2F1
HGG-G34R.V_vs_HGG-IDH	HF Choroid	Human fetal cortex/MGE	Human fetal	Choroid	6.371455877668047e-4	0.0011000291344349963	0.4399129907608822	1.6468943507394624	3	100	CLIC6, ZNF474, OTX2, FBXW9, PRND, PRND, ABCA4, C11orf70, C20orf26, C15orf26, FOLR1, TEX26, EFCAB1, C9orf117, TTR, CLDN1, RIBC1, ADAMTS12, TEKT1, ZMYND10, WDR63, LRRIQ1, ROPN1L, ATG9B, SPA17, VWA3A, EFCAB12, SLC7A8, TRPM3, DNAI1, DCDC2, C9orf24, CA2, KATNAL2, CALML4, SLC13A4, GALNT5	Nowakowski et al 2017	CLIC6, ZNF474, OTX2, FBXW9, PRND, PRND, ABCA4, C11orf70, C20orf26, C15orf26, FOLR1, TEX26
HGG-G34R.V_vs_HGG-IDH	Str/SVZ 10-Astrocytes	Striatum	Mouse P9	Str/SVZ 10-Astrocytes	0.0024154589371980675	0.0039033816425120774	0.4437404323765341	1.6418041218887693	14	93	VEPH1, GLI3, SLCO1C1, PRDM16, MLC1, PLAGL1, SLC1A3, HES5, SHROOM3, NRG1, RORB, FABP7, SFRP1, FXYD1, NOTCH2, GJA9, CSPG5, THSD4, KIF21A, ACSS1, SOX9, ARAP2, NFIA, TNC	Anderson et al 2020	VEPH1, GLI3, SLCO1C1, PRDM16, MLC1, PLAGL1, SLC1A3, HES5, SHROOM3, NRG1, RORB, FABP7, SFRP1, FXYD1, NOTCH2, GJA9, CSPG5, THSD4
HGG-G34R.V_vs_HGG-IDH	F-e15 EXIP2	Forebrain E15.5	Mouse E15.5	Excitatory neuron intermediate progenitor cells 2	0.001911436763300414	0.003139107529973038	0.4289532663404701	1.605864627560751	11	100	DMRTA2, TEAD2, CBFA2T2, E2F1, IGFBP2, MAGI1, NEUROG2, EOMES, VPS37B, FAM210B, MDK, ABCD2, SYNE2, IDH2, TFAP2C, NISCH, MFAP4, LZTS1, LHX2, CDK4, F2R, CCND2, QSOX1, DDIT4, MFAP2, DHRS4L2, EZR, AFAP1	Jessa et al 2019	DMRTA2, TEAD2, CBFA2T2, E2F1, IGFBP2, MAGI1, NEUROG2, EOMES, VPS37B, FAM210B, MDK, ABCD2, SYNE2, IDH2, TFAP2C
HGG-G34R.V_vs_HGG-IDH	VSVZ-1 Mural+Fibroblast	V-SVZ	Mouse adult	VSVZ-1 Mural+Fibroblast	0.0035194368900975845	0.00555411134218525	0.4266833560258942	1.5904849957846965	21	97	HEYL, NID1, BGN, HSPB2, SLC16A12, PCOLCE, NOTCH3, PDGFRB, LAMC1, CD248, PCDH18, NDUFA4L2, COL1A2, COL4A2, LHFP, HSPB1, MYL9, C1QTNF2, COL4A1, KCNJ8, ASPN, PLXDC1, OGN, ENPEP, NR2F2, EVA1B, RGS5, ANO1, GJA4, HIC1, DCN, ABCC9, IL34, DDIT4L, VTN, FOXS1	Mizrak et al 2019	HEYL, NID1, BGN, HSPB2, SLC16A12, PCOLCE, NOTCH3, PDGFRB
HGG-G34R.V_vs_HGG-IDH	Str/SVZ 0-Neurogenic progenitor	Striatum	Mouse P9	Str/SVZ 0-Neurogenic progenitor	0.004319308910574308	0.006660308396458092	0.42417829456743	1.5811472454203161	26	97	DLX1, DLX2, SP8, TMEM2, NEDD4L, TUBB, MAML3, GAD2, ROBO2, BCL11A, SYNPR, AUTS2, TSPAN5, HIST3H2BB, NREP, MPPED2, TOX3, SORBS2, BASP1, SOX11, MEIS2, SP9, NFIB, NRXN3, PBX1, CCND2, TIAM2	Anderson et al 2020	DLX1, DLX2, SP8, TMEM2, NEDD4L, TUBB, MAML3, GAD2, ROBO2, BCL11A, SYNPR, AUTS2, TSPAN5, HIST3H2BB, NREP
HGG-G34R.V_vs_HGG-IDH	HF nIN3	Human fetal cortex/MGE	Human fetal	MGE newborn neurons 3	0.003026441541892322	0.0048137101689940875	0.4222864230373482	1.5809060862042292	18	100	DLX1, DLX2, SKIDA1, ARX, TMEM2, ARL4D, DLX6, SOX1, FAM65B, ST8SIA5, CITED2, DCX, DNMT3A, EFNA5, IGDCC3, HSPB1, FBXW7, TPGS2, SP9, ZNF536, PLS3, ASAP1, NRXN3, RND3, TP53INP1, DACH2, PDZRN3, DUSP10, SIAH3, H1F0, KIAA0922	Nowakowski et al 2017	DLX1, DLX2, SKIDA1, ARX, TMEM2, ARL4D, DLX6, SOX1, FAM65B, ST8SIA5, CITED2, DCX, DNMT3A
HGG-G34R.V_vs_HGG-IDH	Str/SVZ 19-Neurogenic progenitor	Striatum	Mouse P9	Str/SVZ 19-Neurogenic progenitor	0.0038560411311053984	0.005991694680640696	0.42627065559841865	1.580041169849853	23	94	DLX1, DLX2, SP8, PAX6, TMEM2, TUBB, MAML3, GAD2, ROBO2, BCL11A, SYNPR, DLX5, AUTS2, CITED2, TSPAN5, MEX3A, NREP, MPPED2, ZNF618, DPYSL5, SORBS2, BASP1, SOX11, MEIS2, SP9, NFIB, NRXN3, PBX1	Anderson et al 2020	DLX1, DLX2, SP8, PAX6, TMEM2, TUBB, MAML3, GAD2, ROBO2, BCL11A, SYNPR, DLX5, AUTS2, CITED2, TSPAN5, MEX3A, NREP
HGG-G34R.V_vs_HGG-IDH	F-e15 MNG	Forebrain E15.5	Mouse E15.5	Meninges	0.005131494547787043	0.007793698486112651	0.41862105699302943	1.5546720900036977	31	95	SERPINH1, IGFBP2, NID1, BGN, BMP7, PCOLCE, CTHRC1, CTSK, COL5A2, FMO1, FSTL1, GPX7, GPX8, COL1A2, COL4A2, LGALS1, COL4A1, RANBP3L, PLAT, EMP3, COL1A1, PPIC, MSX1, FKBP10, FBLN1, EVA1B, IGFBP4, LOX, DCN, COL6A2, VTN, NID2	Jessa et al 2019	SERPINH1, IGFBP2, NID1, BGN, BMP7, PCOLCE, CTHRC1, CTSK, COL5A2
HGG-G34R.V_vs_HGG-IDH	Str/SVZ 40-Progenitor	Striatum	Mouse P9	Str/SVZ 40-Progenitor	0.004959206526955687	0.007589088776098854	0.4161839496876785	1.5513478979585387	30	97	PLXNA2, NEDD4L, TUBB, PRDM16, POU3F2, EOMES, ROBO2, NRG1, AUTS2, CDH4, POU2F1, CCSER1, ZFHX4, EPHA3, KCNH7, NREP, EFNA5, LMO1, TTC28, SH3RF3, ZBTB18, SETBP1, BASP1, SOX11, LHX2, MEIS2, NFIA, MLLT3, ZNF536, NFIB, RAI14, POU3F3, NFIX	Anderson et al 2020	PLXNA2, NEDD4L, TUBB, PRDM16, POU3F2, EOMES, ROBO2, NRG1, AUTS2, CDH4, POU2F1, CCSER1, ZFHX4, EPHA3, KCNH7, NREP
HGG-G34R.V_vs_HGG-IDH	F-e12 MNG	Forebrain E12.5	Mouse E12.5	Meninges	0.005797101449275362	0.008681043913111424	0.4137072970326102	1.5306839223234139	35	93	SERPINH1, TFAP2B, NID1, BGN, PCOLCE, CTHRC1, COL5A2, FSTL1, GPX7, COL1A2, COL4A2, LGALS1, COL4A1, CRYM, EMP3, COL1A1, SIX2, PPIC, MSX1, FBLN1, EVA1B, SVIL, MFAP2, IGFBP4, HIC1, IGF1, DCN, COL6A2, VTN, PFN1, FN1, LAMB1, ARHGAP29, FAM174B, ISLR, CALD1	Jessa et al 2019	SERPINH1, TFAP2B, NID1, BGN, PCOLCE, CTHRC1, COL5A2
HGG-G34R.V_vs_HGG-IDH	HF Glyc	Human fetal cortex/MGE	Human fetal	Glycolysis	0.006713211600429645	0.00997109370063815	-0.37299099041875433	-1.4871698433504408	24	100	NTRK2, DACT3, PTPRN, FGF14, SPINT2, PRKCB, VWA5A, VWA5A, FSIP2, FAM162A, NEBL, FABP3, FABP3, CDKN1A, SLC3A1, ZRSR2, ZRSR2, ATP1A3, TXNIP, CLEC4A, CLEC4A, CLEC4A, CLEC4A, CLEC4A, CLEC4A, PEG3, NSF, ZMAT3, RAB3A, PPP2R2C	Nowakowski et al 2017	NTRK2, DACT3, PTPRN, FGF14, SPINT2, PRKCB, VWA5A, VWA5A, FSIP2
HGG-G34R.V_vs_HGG-IDH	HF nEN-early1	Human fetal cortex/MGE	Human fetal	Newborn Excitatory Neuron - early born	0.002953813104189044	0.004735478151160214	-0.384270143402988	-1.532141482364714	10	100	MYT1, JPH4, ERC2, CFTR, HECW1, NPTX1, NKAIN1, DCC, SYT4, ZFPM2, SLC6A15, TMEM130, FSTL5, EPB41L3, FAM188A, STK17B, NEUROD6, PPP2R2B, ABHD6, C3orf14, SYT1, PHYHIP, NEUROD1, MMD, GLB1L2, B3GAT1, SLC44A5, RBFOX3, THSD7A, SLC17A7	Nowakowski et al 2017	MYT1, JPH4, ERC2, CFTR, HECW1, NPTX1, NKAIN1, DCC, SYT4, ZFPM2, SLC6A15, TMEM130, FSTL5, EPB41L3, FAM188A
HGG-G34R.V_vs_HGG-IDH	Str/SVZ 2-Progenitor	Striatum	Mouse P9	Str/SVZ 2-Progenitor	0.0037056643726839597	0.005802668242497363	-0.39254318848593134	-1.5511103482154145	13	94	TTC9B, HPCAL4, PSD, CPLX2, PPP1R1A, COL19A1, CPE, SERP2, DDN, PCP4L1, SPTBN2, SLC26A8, GLP2R, NDUFV3, CST3	Anderson et al 2020	TTC9B, HPCAL4, PSD, CPLX2, PPP1R1A, COL19A1, CPE, SERP2, DDN
HGG-G34R.V_vs_HGG-IDH	F-p0 CEXN1	Forebrain P0	Mouse P0	Cortical excitatory neurons 1	0.0021384656508954825	0.0034836295280716734	-0.4002934268461808	-1.585137662873111	7	96	NSG2, ARPP21, OPCML, RTN1, FAM19A2, SYT4, GPR85, KHDRBS2, GRIA2, NCAM1, SERP2, TSC22D1, RBFOX1, NSG1, MYT1L, NEUROD6, LY6H, NBEA, DPYSL3, MPPED1, BZW2, STMN2, TTC3, KIAA1549L, APLP1, TSPAN13, TUBB3, GPM6A, RUNX1T1, STMN4, PPFIA2, PLXNA4, FAM49A	Jessa et al 2019	NSG2, ARPP21, OPCML, RTN1, FAM19A2, SYT4, GPR85, KHDRBS2, GRIA2, NCAM1, SERP2, TSC22D1, RBFOX1
HGG-G34R.V_vs_HGG-IDH	F-e15 CEXN1	Forebrain E15.5	Mouse E15.5	Cortical excitatory neurons 1	0.0010692328254477412	0.0018150002583230565	-0.41337216699786766	-1.6369286796797302	3	96	JPH4, ALCAM, WNT7B, INA, HECW1, SH3GL2, ACTL6B, ARPP21, RTN1, SYT4, GPR85, TAGLN3, GRIA2, GAP43, SNAP25, RBFOX1, NSG1, MYT1L, NEUROD6, PPP2R2B, DPYSL3, MPPED1, BZW2, STMN2, PCDH9, LRFN5, ITM2B, IFNGR2, TUBB3, GPM6A, RUNX1T1, FAM49A, ZNRF2, TNIK, CDH13, SERPINI1, RAB3A	Jessa et al 2019	JPH4, ALCAM, WNT7B, INA, HECW1, SH3GL2, ACTL6B, ARPP21, RTN1, SYT4, GPR85, TAGLN3, GRIA2, GAP43, SNAP25, RBFOX1
HGG-G34R.V_vs_HGG-IDH	Str/SVZ 18-Interneurons	Striatum	Mouse P9	Str/SVZ 18-Interneurons	2.675943270002676e-4	5.342431335211119e-4	-0.43986717965996	-1.7521448832165722	0	99	NXPH1, MEGF11, CRTAC1, ADCY8, ABLIM3, VWC2, ERC2, LRRTM4, GRIA4, XKR4, OPCML, NYAP2, VWC2L, PCDH15, TRHDE, VSNL1, TMEM130, RBFOX1, DNER, LGR5, MYT1L, KCNC2, PCSK6, IQSEC3, DPP10, NRCAM, PPM1L, OLFM2, KCNMB2, DLGAP2, THSD7A, ASTN2	Anderson et al 2020	NXPH1, MEGF11, CRTAC1, ADCY8, ABLIM3, VWC2, ERC2, LRRTM4, GRIA4, XKR4, OPCML, NYAP2, VWC2L, PCDH15, TRHDE, VSNL1, TMEM130, RBFOX1, DNER
HGG-G34R.V_vs_HGG-IDH	HP Neu-NRGN-I	NA	Human ped/adult	NA	2.675943270002676e-4	5.342431335211119e-4	-0.441152910961139	-1.757266400858088	0	99	PGM2L1, RTN1, SYT4, CREG2, VSNL1, FAIM2, GAP43, NAPB, SNAP25, SNCB, SCN3B, NEFM, LY6H, SERINC1, SYT1, BEX2, PRNP, SCG5, STMN2, CLU, APLP1, DNM1, NRGN, CCDC85B, ATP1A3, YWHAH, SLC17A7, CAMK2A, RGS4, NSF, CALM3, PSAP, LINC00657, SERPINI1, STXBP1, CHN1, RAB3A, ATP2B1, SYP, UCHL1, PEBP1, SLC39A10, ATP6V1B2, RTN3, TMEM66, ATP6AP2	Velmeshev et al 2019	PGM2L1, RTN1, SYT4, CREG2, VSNL1, FAIM2, GAP43, NAPB, SNAP25, SNCB, SCN3B, NEFM
HGG-G34R.V_vs_HGG-IDH	Str/SVZ 41-Interneurons	Striatum	Mouse P9	Str/SVZ 41-Interneurons	2.6308866087871614e-4	5.342431335211119e-4	-0.45146637000424994	-1.7795977288256666	0	92	FGF12, GDNF, PPAPDC1A, FAM155A, CFTR, CA10, SPHKAP, LRP1B, HCN4, CGREF1, PTCHD4, FIGN, NYAP2, SLC17A8, SLC6A15, TSHZ2, ADCY2, SLC7A14, KCNK9, CHAT, SYT13, TACR3, SYT1, ASIC2, KCNT2, DRD2, DSCAM, HS3ST4, IQSEC3, CACNA2D2, SV2C, TRPC4	Anderson et al 2020	FGF12, GDNF, PPAPDC1A, FAM155A, CFTR, CA10, SPHKAP, LRP1B, HCN4, CGREF1, PTCHD4, FIGN, NYAP2, SLC17A8, SLC6A15, TSHZ2, ADCY2, SLC7A14, KCNK9, CHAT
HGG-G34R.V_vs_HGG-IDH	F-p6 ASTR3	Forebrain P6	Mouse P6	Astrocytes 3	2.7770063871146905e-4	5.342431335211119e-4	-0.4355352511036357	-1.7797238693339004	0	119	SCG3, ID3, NTRK2, GFAP, HSPB8, RNF182, PPP1R3C, PPP1R1A, MT1X, MT1X, FXYD6, ALDOC, FXYD6-FXYD2, PRKAG2, CPE, HSPA2, APOE, MSX2, GLUD2, ENTPD2, FBXO2, CLU, CD74, PTER, HLA-DMA, C4A, ZNF423, C4B, HLA-DQB1, C4orf3, C4orf3, NOG, GPM6A, JUNB, GSTM5, SHISA8, TSC22D4, DTNA, GLUD1	Jessa et al 2019	SCG3, ID3, NTRK2, GFAP, HSPB8, RNF182, PPP1R3C, PPP1R1A, MT1X, MT1X, FXYD6, ALDOC, FXYD6-FXYD2, PRKAG2, CPE, HSPA2
HGG-G34R.V_vs_HGG-IDH	VSVZ-2 T	V-SVZ	Mouse adult	VSVZ-2 T	5.175983436853002e-4	9.252642957914216e-4	-0.47906231379162056	-1.8387233329942272	1	78	SELL, CD8B, LTB, MNDA, SKAP1, CD79A, STK17B, GIMAP1, SRGN, CCR2, MS4A6A, CD3G, S100A4, CD53, WDR89, HLA-DRB1, HLA-DQA1, PTPRC, PYHIN1, CD74, MS4A4A, CYTIP, HLA-DQB1, HMHA1, LYZ, CD3D, S100A10, GIMAP6, ANXA2, ETS1, B2M, ITGB7, CYBA, CORO1A, LY6E, PTPN6, GPSM3, IL2RG, TPT1	Mizrak et al 2019	SELL, CD8B, LTB, MNDA, SKAP1, CD79A
HGG-G34R.V_vs_HGG-IDH	HF EN-V1-1	Human fetal cortex/MGE	Human fetal	Early Born Deep Layer/subplate Excitatory Neuron V1	2.685284640171858e-4	5.342431335211119e-4	-0.46272861112619657	-1.8449669128729487	0	100	SCN2A, GABBR2, NTRK2, CNTN1, NLGN1, KHDRBS3, SH3GL2, LRRTM4, NPTX1, GRM5, IGSF21, OPCML, GABRA3, DCC, ELMOD1, ZFPM2, RALYL, KCNMA1, VSNL1, SYT16, SYT6, SPOCK1, NEUROD6, SULT4A1, CHST15, KIAA1644, ADRBK2, HS3ST4, GLB1L2, WASF1, DPP10, B3GAT1	Nowakowski et al 2017	SCN2A, GABBR2, NTRK2, CNTN1, NLGN1, KHDRBS3, SH3GL2, LRRTM4, NPTX1, GRM5, IGSF21, OPCML, GABRA3, DCC, ELMOD1, ZFPM2, RALYL, KCNMA1, VSNL1, SYT16, SYT6
HGG-G34R.V_vs_HGG-IDH	Str/SVZ 17-SPN	Striatum	Mouse P9	Str/SVZ 17-SPN	2.6371308016877635e-4	5.342431335211119e-4	-0.47380569188090244	-1.869875385251015	0	93	SYN3, ERC2, HECW1, LRRTM4, ARPP21, GRM5, XKR4, FAM19A2, ELMOD1, CALN1, NEGR1, LSAMP, KCNQ5, MAPK10, GABRB3, CNTNAP5, CNTN3, PLCXD3, RBFOX1, MYT1L, LY6H, NBEA, KCNIP4, NEBL, CELF4, SYT1, ASIC2, DRD2, GABRG3, RIMS1, CACNA2D2, ZNF804A, PTPRM, RUNX1T1, STMN4	Anderson et al 2020	SYN3, ERC2, HECW1, LRRTM4, ARPP21, GRM5, XKR4, FAM19A2, ELMOD1, CALN1, NEGR1, LSAMP, KCNQ5, MAPK10, GABRB3, CNTNAP5, CNTN3, PLCXD3, RBFOX1
HGG-G34R.V_vs_HGG-IDH	Str/SVZ 23-Microglia	Striatum	Mouse P9	Str/SVZ 23-Microglia	2.6469031233456857e-4	5.342431335211119e-4	-0.4824064488004709	-1.906199513144979	0	94	P2RY12, AIF1, SERINC3, FAM105A, CX3CR1, MPEG1, MBNL1, P2RY6, SLC9A9, HPGDS, CTSS, LCP1, CD33, RGS10, FYB, C1QA, LY86, CTSZ, SYNGR1, CTSB, GAS6, C1QB, PLXDC2, FLI1, LGMN, DOCK2, VAMP8, LYZ, CTSC, FCER1G, FCGR2B, LAPTM5, CD68, LTC4S, DOCK8, CSF1R, C3AR1, PYCARD, TBXAS1, TYROBP, BMP2K, MRC1, B2M, LAIR1, CYBA, SIRPG, LY6E, MYO1F, PTGS1, MEF2C, TGFBR1, CLTA, APBB1IP, C1QC, GPR183, TREM2, LYN, SKAP2	Anderson et al 2020	P2RY12, AIF1
HGG-G34R.V_vs_HGG-IDH	F-p3 ASTR3	Forebrain P3	Mouse P3	Astrocytes 3	2.754820936639118e-4	5.342431335211119e-4	-0.4706784609518146	-1.9209864659607228	0	117	ID3, SPARCL1, ID1, RAMP1, GFAP, HSPB8, MT1X, MT1X, FXYD6, FXYD6-FXYD2, PRKAG2, CPE, RELN, EMB, APOE, GRIN3A, MSX2, SCRG1, GLUD2, FBXO2, ALDH1L1, SERPINF1, CLU, BMPR1A, ZNF423, TNFRSF21, MYO6, CNP, NOG, YWHAH, MT-CO1, SDC4, GSTM5, SHISA8, PHYHIPL, TSC22D4, GLUD1, IL6ST, GPR37, BCAN, MARCKS, ID2, SOCS3, LCAT, MMD2, RCN2	Jessa et al 2019	ID3, SPARCL1, ID1, RAMP1, GFAP, HSPB8, MT1X, MT1X, FXYD6, FXYD6-FXYD2, PRKAG2, CPE, RELN, EMB
HGG-G34R.V_vs_HGG-IDH	HP IN-SST	NA	Human ped/adult	NA	2.594706798131811e-4	5.342431335211119e-4	-0.49035124650899087	-1.925950857675119	0	89	NXPH1, LHFPL3, GRIK2, LINC00693, EPHA6, XKR4, CADPS, CDH12, PCDH11X, RALYL, RAB3C, ADCY2, PCDH15, TRHDE, FSTL5, STXBP6, RP11-85M11.2, SLC8A1, RBFOX1, GRIN3A, KCNC2, SOX6, UNC13C, CDH9, MTUS2, GRID2, PCDH11Y, RP11-123O10.4, ASTN2, PTPRM, SNRPN, RUNX1T1, GRIA1, CDH13, BACH1, SPOCK3, COL25A1, TIAM1	Velmeshev et al 2019	NXPH1, LHFPL3, GRIK2, LINC00693, EPHA6, XKR4, CADPS, CDH12, PCDH11X, RALYL, RAB3C, ADCY2, PCDH15, TRHDE, FSTL5, STXBP6, SLC8A1, RBFOX1
HGG-G34R.V_vs_HGG-IDH	HP IN-SV2C	NA	Human ped/adult	NA	2.685284640171858e-4	5.342431335211119e-4	-0.4895323145556852	-1.9518372139107616	0	100	NXPH1, LUZP2, GRIK2, VWC2, LINC00693, SPHKAP, GRIA4, DOCK10, GRM5, FGF14, PTCHD4, NYAP2, RAB3C, KCNAB1, SCN1A, ANKRD55, RPH3A, FSTL5, RELN, DNER, SPOCK1, GRIN3A, ATP8A2, LINGO2, KCNC2, UNC13C, ALK, ABI1, MTUS2, ADRBK2, IL1RAPL1, ADARB2, TMEM132D, MYO16, SV2C, RP11-123O10.4, GRIN2A, SGK1, CTC-806A22.1, PRELID2, PTPRM, FGF13, MCTP1	Velmeshev et al 2019	NXPH1, LUZP2, GRIK2, VWC2, LINC00693, SPHKAP, GRIA4, DOCK10, GRM5, FGF14, PTCHD4, NYAP2, RAB3C, KCNAB1, SCN1A, ANKRD55, RPH3A, FSTL5, RELN, DNER
HGG-G34R.V_vs_HGG-IDH	HP Neu-NRGN-II	NA	Human ped/adult	NA	2.675943270002676e-4	5.342431335211119e-4	-0.49894947783716037	-1.9874903493636131	0	99	SCN2A, NSG2, PGM2L1, SEZ6L2, RTN1, SYT4, APP, CREG2, VSNL1, FAIM2, GAP43, NAPB, PRKCB, SNAP25, SCN3B, SERINC1, SYT1, BEX2, PRNP, PREPL, SCG5, STMN2, DNM1, NRGN, CADM3, ATP1A3, SYNGR1, YWHAH, SLC17A7, CAMK2A, RGS4, NSF, CALM3, PSAP, LINC00657, SERPINI1, STXBP1, CHN1, RAB3A, ATP6V1A, ATP2B1, SYP, UCHL1, ATP2B2, PEBP1, OCIAD1, RTN3, TMEM66, ATP6AP2	Velmeshev et al 2019	SCN2A, PGM2L1, SEZ6L2, RTN1, SYT4, APP, CREG2, VSNL1, FAIM2, GAP43, NAPB, PRKCB, SNAP25, SCN3B
HGG-G34R.V_vs_HGG-IDH	Str/SVZ 36-Interneurons	Striatum	Mouse P9	Str/SVZ 36-Interneurons	2.6659557451346307e-4	5.342431335211119e-4	-0.5021132490828465	-1.9937388304532402	0	97	NXPH1, FAM155A, GRIK4, ARHGDIG, ZNF804B, XKR4, IGSF21, OPCML, CGREF1, DGKG, NYAP2, VGF, VWC2L, VSTM2B, CHODL, FXYD6, SPINT2, VSNL1, TMEM130, FSTL5, SYNGR3, TBC1D30, SPOCK1, SYT13, LY6H, GRIN3A, LINGO2, KCNC2, SOX6, MASP1, ALK, DPP10, SLC44A5, ATP1A3, GRIN2A, GALR1, KCNMB2, PTPRM, FAM189A1, MAN1A1, CNTNAP3, NOS1, KCNB2, CBLN2, ACHE, NPY2R, HCN1, COL25A1, RESP18, HHIP	Anderson et al 2020	NXPH1, FAM155A, GRIK4, ARHGDIG, ZNF804B, XKR4, IGSF21, OPCML, CGREF1, DGKG, NYAP2, VGF, VWC2L, VSTM2B, CHODL, FXYD6, SPINT2, VSNL1, TMEM130, FSTL5, SYNGR3, TBC1D30
HGG-G34R.V_vs_HGG-IDH	F-e15 CEXN2	Forebrain E15.5	Mouse E15.5	Cortical excitatory neurons 2	2.675943270002676e-4	5.342431335211119e-4	-0.5018547147665834	-1.9990629245767844	0	99	INA, HECW1, NSG2, ACTL6B, ARPP21, RTN1, SYT4, GPR85, TAGLN3, APP, GRIA2, FXYD6, FXYD6-FXYD2, GAP43, NCAM1, SERP2, SNCB, DNER, NSG1, MYT1L, LY6H, ANKRD12, DPYSL3, BZW2, CELF4, BEX2, CD200, STMN2, PCDH9, APLP1, REEP1, TSPAN13, FEZ1, TUBB3, GPM6A, SNRPN, STMN4, GNG2, PLXNA4	Jessa et al 2019	INA, HECW1, NSG2, ACTL6B, ARPP21, RTN1, SYT4, GPR85, TAGLN3, APP, GRIA2, FXYD6, FXYD6-FXYD2, GAP43, NCAM1, SERP2, SNCB, DNER
HGG-G34R.V_vs_HGG-IDH	HP IN-PV	NA	Human ped/adult	NA	2.595380223202699e-4	5.342431335211119e-4	-0.5330225878087362	-2.088395011465228	0	88	NXPH1, ADCY8, FGF12, VWC2, SPARCL1, FRMD5, KCND2, GRIA4, EPHA6, FAM19A2, PTCHD4, AC010127.3, CALN1, KCNAB1, CNTNAP5, SHISA9, PLCXD3, DNER, FAR2, CPLX1, KCNC2, SOX6, ALK, CDH9, BTBD11, SLC9A9, RP5-921G16.1, GABRG3, DPP10, ANK1, MYO16, ZNF804A, RP11-123O10.4, TRPC4, TAC1, ASTN2, PTPRM, FGF13, SNRPN, PLXNA4	Velmeshev et al 2019	NXPH1, ADCY8, FGF12, VWC2, SPARCL1, FRMD5, KCND2, GRIA4, EPHA6, FAM19A2, PTCHD4, AC010127.3, CALN1, KCNAB1, CNTNAP5, SHISA9, PLCXD3, DNER
HGG-G34R.V_vs_HGG-IDH	HF EN-V1-2	Human fetal cortex/MGE	Human fetal	Early and Late Born Excitatory Neuron V1	2.685284640171858e-4	5.342431335211119e-4	-0.5242198577104675	-2.0901415414812314	0	100	FGF12, GUCY1A2, ATP6V1G2, LINGO1, CHD5, ARPP21, SYT4, RNF182, ADRA2A, GPR85, KHDRBS2, GAP43, KIAA1244, TBC1D30, SLC8A1, SHISA9, NEFM, ABLIM1, TDRD7, WWC1, CNRIP1, STMN2, FAXC, CAMK2B, APLP1, SLC44A5, TSPAN13, TMOD1, KIAA0319, SCUBE1, RUNX1T1, STMN4, MCTP1, AKAP7, PLXNA4, FAM49A, PKIA, PTPN2, ARG2, SH3GL3, SERPINE2	Nowakowski et al 2017	FGF12, GUCY1A2, ATP6V1G2, LINGO1, CHD5, ARPP21, SYT4, RNF182, ADRA2A, GPR85, KHDRBS2, GAP43, KIAA1244, TBC1D30, SLC8A1, SHISA9, NEFM
HGG-G34R.V_vs_HGG-IDH	Str/SVZ 27-SPN	Striatum	Mouse P9	Str/SVZ 27-SPN	2.673082063619353e-4	5.342431335211119e-4	-0.5410448820753935	-2.1425048785824945	0	96	CELF5, GALNT13, PPP1R1B, SYNDIG1, FAM135B, ARPP21, GNAL, KCTD16, PPP3CA, CALN1, KCNAB1, NGEF, RGS9, CNTNAP5, ANO3, PCP4L1, ADCY5, KCNIP2, NEBL, RYR3, CX3CL1, MME, DRD2, PHYHIP, WBSCR17, GABRG3, CNTN4, CAMK2B, HS3ST4, ZNF804A, SV2C, NRGN, HPCA, RASGEF1A, PTPN5, ACVR1C, GPR6, GPRIN3, RGS7BP, PENK, SPOCK3, SLC24A2, ATP2B1	Anderson et al 2020	CELF5, GALNT13, PPP1R1B, SYNDIG1, FAM135B, ARPP21, GNAL, KCTD16, PPP3CA, CALN1, KCNAB1, NGEF, RGS9, CNTNAP5, ANO3
HGG-G34R.V_vs_HGG-IDH	HF EN-PFC2	Human fetal cortex/MGE	Human fetal	Early and Late Born Excitatory Neuron PFC	2.685284640171858e-4	5.342431335211119e-4	-0.5419691589886642	-2.1609106117256376	0	100	RPRM, FGF12, SYNDIG1, ARPP21, LPHN3, GRM5, FGF14, GABRA3, GNAL, ELMOD1, SYT4, ADRA2A, CALN1, RALYL, ADCY2, KCNQ5, GAP43, RUNDC3B, FSTL5, TBC1D30, SLC8A1, RSPO3, CNTN3, SPOCK1, NDRG1, PCDH17, KIAA1045, ATP8A2, MPPED1, FABP3, FABP3, SLITRK5, STMN2, CNTN4, PCDH11Y, PCDH10, CCBE1, PEX5L, SCUBE1, KCNV1, GPRIN3, FAM49A	Nowakowski et al 2017	RPRM, FGF12, SYNDIG1, ARPP21, LPHN3, GRM5, FGF14, GABRA3, GNAL, ELMOD1, SYT4, ADRA2A, CALN1, RALYL, ADCY2, KCNQ5, GAP43, RUNDC3B, FSTL5, TBC1D30, SLC8A1, RSPO3, CNTN3
HGG-G34R.V_vs_HGG-IDH	F-p0 OPC	Forebrain P0	Mouse P0	Oligodendrocyte precursor cells	2.655337227827934e-4	5.342431335211119e-4	-0.5465233693507439	-2.1638941788243202	0	95	C1QL1, NXPH1, LHFPL3, OLIG2, RPRM, CNTN1, KCND2, KCNIP3, OLIG1, LRP1B, SOX10, PCDH11X, SAPCD2, BRINP3, PCDH15, CCND1, PTPRE, BCAS1, C8orf46, G0S2, SOX6, PIK3R1, SOX8, PPP1R16B, SMOC1, SCRG1, DUSP26, TSPAN12, TIMP4, NAP1L5, PCDH11Y, SULF2, DLEU7, ARHGAP31, CNP, RGCC, PLLP	Jessa et al 2019	C1QL1, NXPH1, LHFPL3, OLIG2, RPRM, CNTN1, KCND2, KCNIP3, OLIG1, LRP1B, SOX10, PCDH11X, SAPCD2, BRINP3, PCDH15, CCND1, PTPRE, BCAS1
HGG-G34R.V_vs_HGG-IDH	F-p3 CEXN1	Forebrain P3	Mouse P3	Cortical excitatory neurons	2.664535038635758e-4	5.342431335211119e-4	-0.5476422691332166	-2.179311423080796	0	98	HECW1, GOLGA7B, MLIP, ARHGDIG, BEND6, ACTL6B, ARPP21, SHANK1, PSD, CPLX2, FAM19A2, SYT4, GPR85, CALN1, L1CAM, RALYL, CALY, GAP43, SERP2, SNCB, RBFOX1, NDRG1, NSG1, MYT1L, NEUROD6, FAM57B, DPYSL3, MPPED1, FABP3, SLC17A6, SYT1, CD200, STMN2, CAMK2B, APLP1, LRFN5, SYT5, GABRA5, DMTN, NRGN, TRPC4, RBFOX3, TUBB3, STMN4, SLA, PPFIA2	Jessa et al 2019	HECW1, GOLGA7B, MLIP, ARHGDIG, BEND6, ACTL6B, ARPP21, SHANK1, PSD, CPLX2, FAM19A2, SYT4, GPR85, CALN1, L1CAM, RALYL, CALY, GAP43, SERP2, SNCB, RBFOX1
HGG-G34R.V_vs_HGG-IDH	Str/SVZ 38-SPN	Striatum	Mouse P9	Str/SVZ 38-SPN	2.655337227827934e-4	5.342431335211119e-4	-0.5551339999790718	-2.1979869450948275	0	95	CSMD3, GALNT13, ERC2, KCND2, LRRTM4, EPHA6, ZNF804B, CDH18, GRM5, XKR4, LRP1B, FGF14, KCTD16, DGKG, CDH12, PTCHD4, KCNAB1, KCNQ5, GABRB3, RELN, CNTNAP5, CNTNAP5, ANO3, CNTN3, RBFOX1, LINGO2, OLFM3, KCNIP4, RYR3, SYT1, GABRG3, CNTN4, HS3ST4, LRFN5, CTNNA3, ZNF804A, C2CD2, DLGAP2, MCTP1	Anderson et al 2020	CSMD3, GALNT13, ERC2, KCND2, LRRTM4, EPHA6, ZNF804B, CDH18, GRM5, XKR4, LRP1B, FGF14, KCTD16, DGKG, CDH12, PTCHD4, KCNAB1, KCNQ5, GABRB3, RELN, CNTNAP5, CNTNAP5, ANO3, CNTN3, RBFOX1
HGG-G34R.V_vs_HGG-IDH	VSVZ-1 T	V-SVZ	Mouse adult	VSVZ-1 T	2.595380223202699e-4	5.342431335211119e-4	-0.563673176529719	-2.204445183537342	0	87	SELL, FCRLA, CD8B, LCK, MNDA, MNDA, MS4A1, GIMAP5, GIMAP5, CD79A, SAMHD1, CD2, GIMAP1, RNASE6, RNASE2, CCR2, MS4A6A, CD3G, S100A4, GIMAP4, HLA-DRB1, HLA-DQA1, PTPRC, HLA-DMB, CD74, MS4A4A, ARHGAP15, CYTIP, HLA-DQB1, CCR7, CYP4F3, ITGAL, CLEC4A, CLEC4A, CD44, CD69, HCST, CD3D, GIMAP6, CYBB, IFITM1, B2M, ITGB7, CORO1A, SIRPG, SIRPG, IL2RG, CXCR4, GMFG, CLEC7A, S1PR4	Mizrak et al 2019	SELL, FCRLA, CD8B, LCK, MNDA, MNDA, MS4A1, GIMAP5, GIMAP5, CD79A
HGG-G34R.V_vs_HGG-IDH	Str/SVZ 28-SPN	Striatum	Mouse P9	Str/SVZ 28-SPN	2.6659557451346307e-4	5.342431335211119e-4	-0.5590278218376105	-2.2197292697158906	0	97	CSMD3, GRIK2, PDE8B, ERC2, SYNDIG1, RIMS2, CDH18, GRM5, KCNH1, LRP1B, FAM19A2, CDH12, DCC, CA11, PTCHD4, DGKB, CALN1, NEGR1, KHDRBS2, KCNQ5, GABRB3, SNAP25, CNTNAP5, CNTNAP5, PLCXD3, RASGRF1, PCDH17, RIT2, LY6H, LINGO2, OLFM3, KCNIP4, SYT1, RIMS1, DPP10, LRFN5, ZNF804A, AK5, PTPRR, TAC1, DLGAP2, PRKAR2B	Anderson et al 2020	CSMD3, GRIK2, PDE8B, ERC2, SYNDIG1, RIMS2, CDH18, GRM5, KCNH1, LRP1B, FAM19A2, CDH12, DCC, CA11, PTCHD4, DGKB, CALN1, NEGR1, KHDRBS2, KCNQ5, GABRB3, SNAP25, CNTNAP5, CNTNAP5, PLCXD3
HGG-G34R.V_vs_HGG-IDH	HP Neu-mat	NA	Human ped/adult	NA	2.685284640171858e-4	5.342431335211119e-4	-0.5571371514180354	-2.2213876245880764	0	100	ERC2, LRRTM4, GRIA4, EPHA6, MLIP, RIMS2, CDH18, CHD5, ARPP21, CACNA1B, KCNH1, KCTD16, FAM19A2, CDH12, DGKB, KHDRBS2, RALYL, KCNMA1, KCNQ5, PRKCB, CACNA1C, GABRB3, ANO3, DOK6, RBFOX1, MYT1L, PVRL3, FAM153B, ATP8A2, LINGO2, FRMPD4, KCNIP4, CDH9, SYT1, ASIC2, WBSCR17, CNTN4, LRFN5, HOMER1, ATRNL1, GRIN2A, DLGAP2, PPFIA2	Velmeshev et al 2019	ERC2, LRRTM4, GRIA4, EPHA6, MLIP, RIMS2, CDH18, CHD5, ARPP21, CACNA1B, KCNH1, KCTD16, FAM19A2, CDH12, DGKB, KHDRBS2, RALYL, KCNMA1, KCNQ5, PRKCB, CACNA1C, GABRB3, ANO3, DOK6, RBFOX1
HGG-G34R.V_vs_HGG-IDH	VSVZ-2 OPC	V-SVZ	Mouse adult	VSVZ-2 OPC	2.655337227827934e-4	5.342431335211119e-4	-0.5715640744208721	-2.263039867688967	0	95	C1QL1, NXPH1, OLIG2, RPRM, LUZP2, CNTN1, GPR17, LIMS2, RAMP1, TNR, KCNIP3, OLIG1, NEU4, ZDHHC2, SOX10, MATN4, FXYD6, CCND1, GJC3, PHLDA1, SNX1, TMEM100, TCEAL3, S100B, SHC4, C8orf46, G0S2, CHADL, SCRG1, VCAN, SNX22, ZCCHC24, AMPD3, SULF2, ARHGAP31, RGCC, BRINP1, PLLP	Mizrak et al 2019	C1QL1, NXPH1, OLIG2, RPRM, LUZP2, CNTN1, GPR17, LIMS2, RAMP1, TNR, KCNIP3, OLIG1, NEU4, ZDHHC2, SOX10, MATN4, FXYD6, CCND1, GJC3, PHLDA1, SNX1, TMEM100, TCEAL3
HGG-G34R.V_vs_HGG-IDH	F-p6 MAC	Forebrain P6	Mouse P6	Macrophages	2.6968716289104636e-4	5.342431335211119e-4	-0.5656195167658242	-2.263055098618155	0	102	CCL24, F13A1, MNDA, MNDA, GPR160, AIF1, PTAFR, FOLR2, CD200R1, MS4A6A, MS4A6A, MS4A6A, FCGR1B, CD53, FCGR1A, CD48, LST1, EBI3, CTSS, C19orf38, MS4A7, CD86, FCGR2A, FCGR2A, CCL7, TFEC, CCR1, CD14, DDX60, MSR1, ADRB2, CLEC4A, CLEC4A, CLEC4A, LYZ, MCTP1, PLD4, LYVE1, FCGR2B, FCGR2B, CYTH4, CCL8, CCL8, CD68, LTC4S, CYBB, CSF1R, C3AR1, C5AR1, TNFRSF17, MRC1, MMP9, IER3, RGS18, CD163, MS4A6E, MS4A6E, MS4A6E, GPR183, TNF, GMFG, STAB1, OAS1, CLEC6A, LRRC25	Jessa et al 2019	CCL24, F13A1, MNDA, MNDA, GPR160, AIF1
HGG-G34R.V_vs_HGG-IDH	Str/SVZ 24-SPN	Striatum	Mouse P9	Str/SVZ 24-SPN	2.655337227827934e-4	5.342431335211119e-4	-0.5800270702759994	-2.29654809166131	0	95	DNM3, FAM155A, ERC2, SYNDIG1, CA10, SLC2A13, XKR4, OPCML, KCTD16, FAM19A2, DPP6, VSTM2A, VWC2L, PCDH15, LSAMP, KCNQ5, WSCD2, SYT6, LYPD1, PLCXD3, RBFOX1, MYT1L, LY6H, OLFM3, KCNIP4, ALK, CDH9, SYT1, ASIC2, KCNT2, PDE4B, WBSCR17, GABRG3, ADARB2, TSHZ1, SLC44A5, GRIN2A, PLCB1, PTPRM, RUNX1T1, GPRIN3	Anderson et al 2020	DNM3, FAM155A, ERC2, SYNDIG1, CA10, SLC2A13, XKR4, OPCML, KCTD16, FAM19A2, DPP6, VSTM2A, VWC2L, PCDH15, LSAMP, KCNQ5, WSCD2, SYT6, LYPD1, PLCXD3, RBFOX1
HGG-G34R.V_vs_HGG-IDH	Str/SVZ 37-Ctx excitatory neurons	Striatum	Mouse P9	Str/SVZ 37-Ctx excitatory neurons	2.673082063619353e-4	5.342431335211119e-4	-0.5884129144320982	-2.3300794103363156	0	96	GLRA3, CHRNA4, GALNT9, KHDRBS3, CA10, SH3GL2, MMP16, LINGO1, NPTX1, MLIP, ZNF804B, IGSF21, VWC2L, ADCY2, KCNK9, SV2B, SPOCK1, NEUROD6, BMP3, SYT13, ATP8A2, OLFM3, CDH9, SYT1, ASIC2, GABRA1, KCNT2, SLC6A7, B3GALT2, DPP10, CXCL12, PRICKLE1, AK5, PEX5L, SLC17A7, KCNV1, SLA, MCTP1, FAM189A1, CDH13, CBLN2, ST3GAL1, ZDHHC22	Anderson et al 2020	GLRA3, CHRNA4, GALNT9, KHDRBS3, CA10, SH3GL2, MMP16, LINGO1, NPTX1, MLIP, ZNF804B, IGSF21, VWC2L, ADCY2, KCNK9, SV2B
HGG-G34R.V_vs_HGG-IDH	HP Microglia	NA	Human ped/adult	NA	2.664535038635758e-4	5.342431335211119e-4	-0.5910853853723841	-2.352190846037124	0	98	SYNDIG1, ADAM28, P2RY12, RASGEF1C, MCF2L2, SLC8A1, ABCC4, ARHGAP22, BLNK, FAM49B, RP11-624C23.1, CX3CR1, MED13L, RP11-556E13.1, EPB41L2, RP11-480C22.1, MGAT4A, MBNL1, SLC9A9, SAMSN1, PTPRC, HS3ST4, ATM, CD74, MEF2A, FYB, ARHGAP24, DOCK4, ARHGAP15, ST6GAL1, LY86, CSF2RA, ATP8B4, C1QB, PLXDC2, FLI1, DOCK2, USP53, LPAR6, DIAPH2, MKNK1, AOAH, ITPR2, DOCK8, CSF1R, SLC4A7, SLCO2B1, TBXAS1, BMP2K, PICALM, ELMO1, MYO1F, MEF2C, APBB1IP, ST6GALNAC3	Velmeshev et al 2019	SYNDIG1, ADAM28, P2RY12, RASGEF1C, MCF2L2, SLC8A1, ABCC4, ARHGAP22
HGG-G34R.V_vs_HGG-IDH	HF EN-PFC1	Human fetal cortex/MGE	Human fetal	Early Born Deep Layer/subplate Excitatory Neuron PFC	2.685284640171858e-4	5.342431335211119e-4	-0.5911748494653035	-2.3571009243011196	0	100	CSMD3, SUSD4, GRIK2, ABLIM3, CNTN1, SYN3, KHDRBS3, GUCY1A2, SH3GL2, LRRTM4, MLIP, CDH18, GRM5, IGSF21, LRP1B, OPCML, ELMOD1, ZFPM2, CALN1, RALYL, KCNMA1, COL19A1, VSNL1, CDH10, CSGALNACT1, KCNN2, LINGO2, OLFM3, UNC13C, MTUS2, GABRG3, HS3ST4, HOOK1, DPP10, GABRA5, GNG8, NRCAM, CACNG3, KIAA0319, KCNG1, CARD10, ASTN2, GPRIN3	Nowakowski et al 2017	CSMD3, SUSD4, GRIK2, ABLIM3, CNTN1, SYN3, KHDRBS3, GUCY1A2, SH3GL2, LRRTM4, MLIP, CDH18, GRM5, IGSF21, LRP1B, OPCML, ELMOD1, ZFPM2, CALN1, RALYL, KCNMA1, COL19A1, VSNL1, CDH10, CSGALNACT1
HGG-G34R.V_vs_HGG-IDH	Str/SVZ 16-OPCs	Striatum	Mouse P9	Str/SVZ 16-OPCs	2.655337227827934e-4	5.342431335211119e-4	-0.5996318454118794	-2.3741708634818224	0	95	C1QL1, NXPH1, OLIG2, SEMA3D, MEGF11, MYT1, LUZP2, NCAM2, PPAPDC1A, CDH20, FAM155A, CNTN1, GPR17, KCND2, MMP16, TNR, KCNIP3, OLIG1, LRP1B, OPCML, ZDHHC2, SOX10, FIGN, PRKCQ, STK32A, BRINP3, PCDH15, KIF13A, DNER, SHC4, MAML2, PPP2R2B, GRIN3A, SOX6, SOX8, PCDH7, SCRG1, PDE4B, DSCAM, DPP10, SULF2, TMEM132D	Anderson et al 2020	C1QL1, NXPH1, OLIG2, SEMA3D, MEGF11, MYT1, LUZP2, NCAM2, PPAPDC1A, CDH20, FAM155A, CNTN1, GPR17, KCND2, MMP16, TNR, KCNIP3, OLIG1, LRP1B, OPCML, ZDHHC2, SOX10, FIGN, PRKCQ, STK32A, BRINP3, PCDH15, KIF13A, DNER
HGG-G34R.V_vs_HGG-IDH	Str/SVZ 6-SPN	Striatum	Mouse P9	Str/SVZ 6-SPN	2.655337227827934e-4	5.342431335211119e-4	-0.6046805694334257	-2.394160684838763	0	95	SCN2A, PPP1R1B, ARPP21, GRM5, PRKACB, CPLX2, GNAL, KCTD16, PPP3CA, ELMOD1, SYT4, CALN1, KCNAB1, KCNQ5, NGEF, PRKCE, CALB1, PRKCB, LYPD1, RELN, SNAP25, RGS9, CNTNAP5, ANO3, RBFOX1, PCP4L1, MYT1L, GPR158, ADCY5, KCNIP2, LINGO2, RYR3, CX3CL1, CAMK2B, HS3ST4, LRFN5, NRGN, RASGEF1A, RBFOX3, TAC1, DLGAP2, RGS4, MCTP1	Anderson et al 2020	SCN2A, PPP1R1B, ARPP21, GRM5, PRKACB, CPLX2, GNAL, KCTD16, PPP3CA, ELMOD1, SYT4, CALN1, KCNAB1, KCNQ5, NGEF, PRKCE, CALB1, PRKCB, LYPD1, RELN, SNAP25, RGS9, CNTNAP5, ANO3, RBFOX1
HGG-G34R.V_vs_HGG-IDH	Str/SVZ 1-SPN	Striatum	Mouse P9	Str/SVZ 1-SPN	2.6469031233456857e-4	5.342431335211119e-4	-0.6065579744818312	-2.396776656959032	0	94	CSMD3, GRIK2, GALNT13, CNTN1, NLGN1, KCND2, LRRTM4, EPHA6, GRM5, LRP1B, FGF14, KCTD16, CADM2, DCC, ELMOD1, PTCHD4, CALN1, KCNAB1, KCNQ5, GABRB3, RELN, CNTNAP5, CNTNAP5, ANO3, CNTN3, RBFOX1, LY6H, LINGO2, KCNIP4, NEBL, RYR3, SYT1, LRRC4C, GABRG3, GRID2, HS3ST4, LRFN5	Anderson et al 2020	CSMD3, GRIK2, GALNT13, CNTN1, NLGN1, KCND2, LRRTM4, EPHA6, GRM5, LRP1B, FGF14, KCTD16, CADM2, DCC, ELMOD1, PTCHD4, CALN1, KCNAB1, KCNQ5, GABRB3, RELN, CNTNAP5, CNTNAP5, ANO3, CNTN3, RBFOX1
HGG-G34R.V_vs_HGG-IDH	HF EN-V1-3	Human fetal cortex/MGE	Human fetal	Excitatory Neuron V1 - late born	2.685284640171858e-4	5.342431335211119e-4	-0.6029717752567559	-2.404136999519973	0	100	FGF12, SCN2A, GABBR2, NTRK2, SYN3, TRIM67, ARPP21, KLHL32, CDH12, ELMOD1, RHOU, CALN1, FRRS1L, SPINT2, GFRA2, GAP43, PRKCE, BCL6, SYNGR3, PRKCB, RSPO3, SHISA9, NEFM, UNC13A, KIAA1045, ABLIM1, FRMPD4, PIK3R1, NEBL, FABP3, FABP3, LRRC4C, SLITRK5, NPY1R, CNTN4, SYBU, CAMK2B, FADS3, MYO16, CCBE1, TMOD1, KIAA0319, DLGAP2, FAM49A, C11orf87, CNTNAP3, CDH13, PTPN2, ST3GAL1	Nowakowski et al 2017	FGF12, SCN2A, GABBR2, NTRK2, SYN3, TRIM67, ARPP21, KLHL32, CDH12, ELMOD1, RHOU, CALN1, FRRS1L, SPINT2, GFRA2, GAP43, PRKCE, BCL6, SYNGR3, PRKCB, RSPO3, SHISA9, NEFM
HGG-G34R.V_vs_HGG-IDH	VSVZ-1 Microglia	V-SVZ	Mouse adult	VSVZ-1 Microglia	2.673082063619353e-4	5.342431335211119e-4	-0.6078842887816835	-2.4071848703799787	0	96	CTSH, P2RY12, AIF1, SERINC3, FAM105A, CX3CR1, IRF8, MPEG1, SUSD3, BIN2, CST3, CCL18, CD53, FCGR1A, LST1, BCL2A1, HPGDS, CTSS, GPR34, CD33, RGS10, HPGD, CD14, C1QA, LY86, CTSZ, ADRB2, P2RY13, SGK1, SLC2A5, C1QB, LGMN, LYZ, TMEM119, JUNB, PLD4, FCER1G, FCGR2B, BTG2, CYTH4, LAPTM5, CD68, LTC4S, IFNGR1, CSF1R, SLCO2B1, PYCARD, MAFB, TYROBP, SOCS3, B2M, LAIR1, CYBA, LY6E, UNC93B1, PTGS1, TGFBR1, APBB1IP, C1QC, IVNS1ABP, LPCAT2, GMFG, TREM2	Mizrak et al 2019	CTSH, P2RY12, AIF1
HGG-G34R.V_vs_HGG-IDH	VSVZ-1 Oligodendrocyte	V-SVZ	Mouse adult	VSVZ-1 Oligodendrocyte	2.673082063619353e-4	5.342431335211119e-4	-0.609324549600692	-2.4128882157647835	0	96	OLIG1, SEZ6L2, EVI2A, EFNB3, TMEFF2, CMTM5, CRYAB, TTLL7, APP, BIN1, SEPT4, SEPT8, SLC48A1, NDRG1, SLC44A1, OPALIN, SLAIN1, DESI1, DUSP26, APOD, TPPP, MAPK8IP1, ASPA, UGT8, APLP1, PPP1R14A, PTGDS, FA2H, LGI3, TMEM88B, CNP, SEC11C, FEZ1, PLLP, SERPINB1, EFHD1, PEX5L, STMN4, MAL, TALDO1, CSRP1, CLDN11, NKX6-2, TUBB4A, TF, GPR37, PLEKHB1, MBP, TMEM151A, CPOX, RNF7, DEGS1, LPAR1, QDPR, GJC2, GLTP, ENPP2, ERMN, PLP1, PDLIM2	Mizrak et al 2019	OLIG1, SEZ6L2, EVI2A, EFNB3, TMEFF2, CMTM5, CRYAB, TTLL7, APP, BIN1, SEPT4, SEPT8, SLC48A1
HGG-G34R.V_vs_HGG-IDH	VSVZ-2 COP	V-SVZ	Mouse adult	VSVZ-2 COP	2.655337227827934e-4	5.342431335211119e-4	-0.6094891535752249	-2.4131997009474198	0	95	OLIG2, SEMA3D, RAB33A, LUZP2, UST, CNTN1, GPR17, LIMS2, TNR, RAP2A, OLIG1, KNDC1, SIRT2, NEU4, TMEFF2, SOX10, GNB4, GAL3ST1, ELOVL7, BCAS1, SLC1A1, GJC3, PLXNB3, C8orf46, SLC44A1, CHADL, RND2, KIAA1644, PCDH7, FYN, GRAMD3, TMEM163, DDC, NFASC, UGT8, SULF2, TCF7L2, ENPP6, CNP, PLLP, DYNLL2, MYRF, CLDN11, TUBB4A, GSTO1, MARCKS, UBL3, MBP, SH3GL3, BMP4	Mizrak et al 2019	OLIG2, SEMA3D, RAB33A, LUZP2, UST, CNTN1, GPR17, LIMS2, TNR, RAP2A, OLIG1, KNDC1, SIRT2, NEU4, TMEFF2, SOX10, GNB4, GAL3ST1, ELOVL7, BCAS1, SLC1A1, GJC3
HGG-G34R.V_vs_HGG-IDH	VSVZ-1 OPC	V-SVZ	Mouse adult	VSVZ-1 OPC	2.6371308016877635e-4	5.342431335211119e-4	-0.6118052724981977	-2.414491086144929	0	93	C1QL1, NXPH1, OLIG2, RPRM, MEGF11, FAM89A, FAM155A, CNTN1, GPR17, RAMP1, TNR, KCNIP3, OLIG1, SUSD5, NEU4, ZDHHC2, DPP6, C1QL2, TMEM179, VSTM2B, MATN4, SAPCD2, FXYD6, BRINP3, PCDH15, CCND1, CALY, C14orf37, PHLDA1, TMEM100, TCEAL3, SHC4, C8orf46, LY6H, G0S2, SCRG1, VCAN, SNX22, DSCAM, TMEM121	Mizrak et al 2019	C1QL1, NXPH1, OLIG2, RPRM, MEGF11, FAM89A, FAM155A, CNTN1, GPR17, RAMP1, TNR, KCNIP3, OLIG1, SUSD5, NEU4, ZDHHC2, DPP6, C1QL2, TMEM179, VSTM2B, MATN4, SAPCD2, FXYD6, BRINP3, PCDH15, CCND1, CALY, C14orf37, PHLDA1, TMEM100, TCEAL3
HGG-G34R.V_vs_HGG-IDH	HP Oligodendrocytes	NA	Human ped/adult	NA	2.685284640171858e-4	5.342431335211119e-4	-0.6071415236777418	-2.4207623986994173	0	100	DNM3, DNAJC6, FRMD5, DOCK10, MARCH1, KLHL32, TMEFF2, CRYAB, EXOC6B, KCNH8, PIP4K2A, TTLL7, AKAP6, SIK3, CERCAM, PPP2R2B, SLC44A1, LINC00609, SLAIN1, PDE4B, IL1RAPL1, MAP7, EDIL3, CLASP2, ABCA2, PCDH9, UGT8, CTNNA3, GAB1, PTGDS, MAGI2, SLCO1A2, CNP, PRUNE2, PLEKHH1, PEX5L, PLCL1, DOCK5, SLC5A11, CLDN11, TF, CLDND1, SPOCK3, SLC24A2, MBP, SH3GL3, HHIP, PXK, ELMO1, RP11-946L20.2, LPAR1, PHLPP1, FRYL, FMNL2, ATP8A1, ENPP2, PLP1, LAMP2, TMEM144, PDE8A, CNTN2, TCF12, CNDP1, ZEB2	Velmeshev et al 2019	DNM3, DNAJC6, FRMD5, DOCK10, MARCH1, KLHL32, TMEFF2, CRYAB, EXOC6B, KCNH8, PIP4K2A, TTLL7, AKAP6, SIK3, CERCAM
HGG-G34R.V_vs_HGG-IDH	Str/SVZ 14-SPN	Striatum	Mouse P9	Str/SVZ 14-SPN	2.6469031233456857e-4	5.342431335211119e-4	-0.6131799429885103	-2.4229429596170506	0	94	CSMD3, GRIK2, DGKI, GALNT13, RAMP1, SLC2A13, CDH18, GRM5, THRB, FGF14, KCTD16, ELMOD1, DGKB, DPP6, CALN1, NEGR1, KHDRBS2, KCNAB1, KCNMA1, KCNQ5, LYPD1, GABRB3, RELN, CNTNAP5, ANO3, CNTN3, RBFOX1, GPR158, ADCY5, LINGO2, RYR3, GABRG3, CNTN4, LRFN5, CTNNA3, ZNF804A, GRIN2A, BRINP1, TAC1, DLGAP2, PLCB1, MCTP1, MAN1A1, GRIA1, NPTN, SPOCK3, SERPINE2, ATP2B1, COL25A1	Anderson et al 2020	CSMD3, GRIK2, DGKI, GALNT13, RAMP1, SLC2A13, CDH18, GRM5, THRB, FGF14, KCTD16, ELMOD1, DGKB, DPP6, CALN1, NEGR1, KHDRBS2, KCNAB1, KCNMA1, KCNQ5, LYPD1, GABRB3, RELN, CNTNAP5, ANO3, CNTN3, RBFOX1
HGG-G34R.V_vs_HGG-IDH	VSVZ-2 Microglia	V-SVZ	Mouse adult	VSVZ-2 Microglia	2.6659557451346307e-4	5.342431335211119e-4	-0.6167921949290026	-2.4490940073711096	0	97	CTSH, P2RY12, AIF1, SERINC3, FAM105A, CX3CR1, IRF8, MPEG1, SUSD3, BIN2, CCR2, CST3, CCL18, CD53, FCGR1A, BCL2A1, HPGDS, CTSS, GPR34, CD33, NCF1, RGS10, HPGD, CD14, C1QA, LY86, CTSZ, P2RY13, SLC2A5, C1QB, LGMN, LYZ, CTSC, TMEM119, SPARC, JUNB, PLD4, FCER1G, NCKAP1L, FCGR2B, BTG2, CYTH4, LAPTM5, CD68, LTC4S, IFNGR1, CSF1R, SLCO2B1, PYCARD, MAFB, TYROBP, SOCS3, B2M, LAIR1, CYBA, LY6E, UNC93B1, PTGS1, TGFBR1, APBB1IP, C1QC, LPCAT2, GMFG, TREM2, LYN	Mizrak et al 2019	CTSH, P2RY12, AIF1
HGG-G34R.V_vs_HGG-IDH	F-e12 MGL	Forebrain E12.5	Mouse E12.5	Microglia	2.7344818156959256e-4	5.342431335211119e-4	-0.6038104865309017	-2.449119204060869	0	112	CCL24, MT1X, F13A1, AIF1, APOE, CX3CR1, FCGRT, BIN2, MS4A6A, MS4A6A, MS4A6A, CST3, FCGR1B, CCL18, CD53, FCGR1A, LST1, PTPRC, HPGDS, CTSS, MS4A7, LCP1, CD86, FCGR2A, C1QA, ITM2B, LY86, CTSZ, CTSB, ADRB2, GAS6, SLC40A1, C1QB, LGMN, VAMP8, LYZ, CTSC, PLD4, LYVE1, FCER1G, FCGR2B, PLEK, CYTH4, LAPTM5, CD68, CSF1R, C3AR1, C5AR1, TYROBP, CELA1, MRC1, B2M, FTL, CYBA, CORO1A, MS4A6E, MS4A6E, MS4A6E, NCF2, UNC93B1, MYO1F, PTPN6, OSTF1, CLTA, PLIN2, C1QC, GMFG, STAB1, TREM2	Jessa et al 2019	CCL24, MT1X, F13A1, AIF1
HGG-G34R.V_vs_HGG-IDH	Str/SVZ 13-SPN	Striatum	Mouse P9	Str/SVZ 13-SPN	2.673082063619353e-4	5.342431335211119e-4	-0.6223308184190715	-2.4643922504922577	0	96	ALCAM, GRIK2, GALNT13, KCND2, LRRTM4, EPHA6, SLC2A13, GRM5, XKR4, THRB, LRP1B, FGF14, GNAL, KCTD16, ELMOD1, CA11, DGKB, DPP6, CALN1, KCNAB1, KCNQ5, GABRB3, CNTNAP5, ANO3, RBFOX1, ADCY5, LY6H, KCNIP4, NEBL, RYR3, SYT1, LRRC4C, PDE4B, DRD2, WBSCR17, GABRG3, CNTN4, GRID2, HS3ST4	Anderson et al 2020	ALCAM, GRIK2, GALNT13, KCND2, LRRTM4, EPHA6, SLC2A13, GRM5, XKR4, THRB, LRP1B, FGF14, GNAL, KCTD16, ELMOD1, CA11, DGKB, DPP6, CALN1, KCNAB1, KCNQ5, GABRB3, CNTNAP5, ANO3, RBFOX1
HGG-G34R.V_vs_HGG-IDH	Str/SVZ 29-SPN	Striatum	Mouse P9	Str/SVZ 29-SPN	2.675943270002676e-4	5.342431335211119e-4	-0.6205138387606539	-2.471723733491637	0	99	CSMD3, FAM155A, NLGN1, CA10, LRRTM4, GRIA4, MARCH1, ZNF804B, CDH18, GRM5, XKR4, EFNB3, OPCML, TMEFF2, DGKG, DPP6, GRIA2, KCNMA1, PCDH15, TRHDE, CALY, SPINT2, VSNL1, TMEM130, SLC8A1, RBFOX1, DNER, SLC12A5, CCDC85A, LY6H, LINGO2, SYT1, KCNT2, DSCAM, GABRG3, RIMS1, GRID2, DPP10, LRFN5, CACNA2D2, TRPC4, ATP1A3	Anderson et al 2020	CSMD3, FAM155A, NLGN1, CA10, LRRTM4, GRIA4, MARCH1, ZNF804B, CDH18, GRM5, XKR4, EFNB3, OPCML, TMEFF2, DGKG, DPP6, GRIA2, KCNMA1, PCDH15, TRHDE, CALY, SPINT2, VSNL1, TMEM130, SLC8A1, RBFOX1, DNER
HGG-G34R.V_vs_HGG-IDH	F-p3 MAC	Forebrain P3	Mouse P3	Macrophages	2.6932399676811203e-4	5.342431335211119e-4	-0.616941476766718	-2.4780999814387727	0	104	CCL24, EVI2A, F13A1, MNDA, GPR160, AIF1, PTAFR, FOLR2, CD200R1, TNFAIP8L2, CD300A, MS4A6A, MS4A6A, MS4A6A, P2RY6, FCGR1B, CD53, FCGR1A, CD48, LST1, CTSS, MS4A7, LCP1, CD86, FCGR2A, FCGR2A, CCL7, CD74, CCR1, CD14, C1QA, DDX60, MSR1, LY86, ADRB2, C1QB, CLEC4A, CLEC4A, CLEC4A, LYZ, PLD4, LYVE1, FCER1G, FCGR2B, FCGR2B, CCL8, CCL8, LAPTM5, CD68, LTC4S, AOAH, CYBB, CSF1R, C3AR1, C5AR1, TYROBP, MRC1, LPXN, RGS18, CD163, MS4A6E, MS4A6E, MS4A6E, PTPN6, IGSF6, C1QC, GPR183	Jessa et al 2019	CCL24, EVI2A, F13A1, MNDA, GPR160, AIF1
HGG-G34R.V_vs_HGG-IDH	Str/SVZ 9-Microglia	Striatum	Mouse P9	Str/SVZ 9-Microglia	2.605523710265763e-4	5.342431335211119e-4	-0.6361739970967799	-2.5066137037743985	0	91	PIP4K2A, BIN1, P2RY12, AIF1, APOE, SERINC3, FAM105A, CX3CR1, MPEG1, MBNL1, P2RY6, CST3, SLC9A9, LST1, HPGDS, CTSS, CD33, CD33, RGS10, FYB, NTPCR, C1QA, ITM2B, LY86, CTSZ, CTSB, C1QB, PLXDC2, FLI1, LGMN, DOCK2, LYZ, MYLIP, FCER1G, FCGR2B, CYTH4, LAPTM5, LTC4S, DOCK8, CSF1R, SLCO2B1, PYCARD, ADAP2, TBXAS1, TYROBP, BMP2K, B2M, LAIR1, CYBA, SIRPG, LY6E, UNC93B1, MYO1F, PTGS1, MEF2C, TGFBR1, CLTA, APBB1IP, C1QC, LPCAT2, TREM2, LYN	Anderson et al 2020	PIP4K2A, BIN1, P2RY12, AIF1
HGG-G34R.V_vs_HGG-IDH	F-p0 MAC	Forebrain P0	Mouse P0	Macrophages	2.698327037236913e-4	5.342431335211119e-4	-0.6333558689018387	-2.53853404453972	0	103	CCL24, EVI2A, F13A1, MNDA, AIF1, FOLR2, IRF8, CD200R1, TNFAIP8L2, CD300A, MS4A6A, MS4A6A, MS4A6A, P2RY6, FCGR1B, CD53, FCGR1A, CD48, LST1, CSF2RB, CTSS, MS4A7, LCP1, CD86, FCGR2A, FCGR2A, CCL7, NCF1, CCR1, HPGD, CD14, C1QA, MSR1, LY86, TLR7, ADRB2, SLC40A1, CLEC4A, CLEC4A, CLEC4A, LYZ, PLD4, LYVE1, FCER1G, MILR1, FCGR2B, FCGR2B, PLEK, CYTH4, LAPTM5, CD68, LTC4S, AOAH, CYBB, CSF1R, C3AR1, C5AR1, TYROBP, MRC1, LPXN, HCLS1, RGS18, CD163, MS4A6E, MS4A6E, MS4A6E, UNC93B1, PTPN6, IGSF6, C1QC, GPR183, GMFG, STAB1, CLEC6A, LRRC25, NRROS, CD84, ALOX5AP, HLX, PPBP, LYL1	Jessa et al 2019	CCL24, EVI2A, F13A1, MNDA, AIF1
HGG-G34R.V_vs_HGG-IDH	F-p3 MGL	Forebrain P3	Mouse P3	Microglia	2.6932399676811203e-4	5.342431335211119e-4	-0.6332171148053023	-2.543475158566912	0	104	EVI2A, P2RY12, AIF1, BLNK, FAM105A, CX3CR1, IRF8, MPEG1, SUSD3, BIN2, TNFAIP8L2, CD300A, P2RY6, FCGR1B, CCL18, CD53, FCGR1A, BCL2A1, PTPRC, HPGDS, CTSS, GPR34, RHOH, CD33, CD86, FCGR2A, NCF1, RGS10, CD14, VAV1, C1QA, LY86, P2RY13, C1QB, LYZ, ARHGAP30, TMEM119, PLD4, FCER1G, FCGR2B, PLEK, CYTH4, LAPTM5, CD68, GNA15, LTC4S, CSF1R, C3AR1, HCK, PYCARD, TBXAS1, TYROBP, HCLS1, LAIR1, CORO1A, UNC93B1, MYO1F, TNFRSF13B, PTPN6, PTGS1, APBB1IP, C1QC, LPCAT2, GMFG, TREM2	Jessa et al 2019	EVI2A, P2RY12, AIF1
HGG-G34R.V_vs_HGG-IDH	VSVZ-1 COP	V-SVZ	Mouse adult	VSVZ-1 COP	2.655337227827934e-4	5.342431335211119e-4	-0.645900237321263	-2.5573650497344933	0	95	SEMA3D, RAB33A, SUSD4, UST, GPR17, LIMS2, TNR, RAP2A, ZNF488, SUSD5, SIRT2, NEU4, OPCML, SOX10, EPCAM, GNB4, PRKCQ, BARX2, GAL3ST1, MATN1, ZNF365, DCT, PTPRE, BCAS1, SLC1A1, C14orf37, CHST3, GJC3, S100B, PLXNB3, C8orf46, SLC44A1, CHADL, RND2, KIAA1644, FYN, SCRG1, TMEM163, CHST8, VCAN, DSCAM, NFASC, WASF1, SULF2, TCF7L2, ENPP6, TNFRSF21, PDCD4, BRINP1, DYNLL2	Mizrak et al 2019	SEMA3D, RAB33A, SUSD4, UST, GPR17, LIMS2, TNR, RAP2A, ZNF488, SUSD5, SIRT2, NEU4, OPCML, SOX10, EPCAM, GNB4, PRKCQ, BARX2, GAL3ST1, MATN1, ZNF365, DCT, PTPRE, BCAS1, SLC1A1, C14orf37, CHST3, GJC3
HGG-G34R.V_vs_HGG-IDH	VSVZ-2 Oligodendrocytes	V-SVZ	Mouse adult	VSVZ-2 Oligodendrocytes	2.673082063619353e-4	5.342431335211119e-4	-0.6462603299175339	-2.5591516629293345	0	96	OLIG1, SEZ6L2, EVI2A, EFNB3, TMEFF2, CMTM5, CRYAB, TTLL7, APP, BIN1, ELOVL7, SEPT4, GJC3, RNF13, NDRG1, SLC44A1, OPALIN, SLAIN1, PPP1R16B, DESI1, DUSP26, APOD, TPPP, MAPK8IP1, ASPA, EDIL3, UGT8, APLP1, PPP1R14A, PTGDS, FA2H, LGI3, TMEM88B, CNP, SEC11C, FEZ1, PRR5L, PLLP, SERPINB1, PEX5L, STMN4, MAL, TALDO1, S1PR5, CSRP1, CLDN11, NKX6-2, TUBB4A, TF, GPR37, PLEKHB1, MBP, TMEM151A, CPOX, DEGS1, LPAR1, QDPR, GJC2, ENPP2, ERMN, PLP1, PDLIM2, CNTN2, PLS1, JOSD2, TTYH2, TSPAN2	Mizrak et al 2019	OLIG1, SEZ6L2, EVI2A, EFNB3, TMEFF2, CMTM5, CRYAB, TTLL7, APP, BIN1, ELOVL7, SEPT4, GJC3, RNF13
HGG-G34R.V_vs_HGG-IDH	VSVZ-2 Neuron	V-SVZ	Mouse adult	VSVZ-2 Neuron	2.655337227827934e-4	5.342431335211119e-4	-0.6466722496639031	-2.560421740642705	0	95	SCN2A, ATP6V1G2, NSG2, ARPP21, GRM5, PTPRN, HPCAL4, GRIN1, RTN1, CPLX2, GNAL, PPP3CA, ELMOD1, SYT4, VGF, FBXL16, RAB3C, GRIA2, CALY, VSNL1, GAP43, TMEM130, PRKCE, PRKCB, SNAP25, SCN2B, RBFOX1, SLC12A5, NSG1, SYN1, KCNIP2, SULT4A1, CPLX1, LY6H, AGAP2, CELF4, CX3CL1, SYT1, EEF1A2, PHYHIP, CAMK2B, PNMAL2, NRSN1, DNM1, HPCA, ATP1A3, RASGEF1A, PTPN5, GRIN2A, HAP1, PEG3, NSF, GRIA1, STXBP1, CHN1, RAB3A, PENK	Mizrak et al 2019	SCN2A, ATP6V1G2, NSG2, ARPP21, GRM5, PTPRN, HPCAL4, GRIN1, RTN1, CPLX2, GNAL, PPP3CA, ELMOD1, SYT4, VGF, FBXL16, RAB3C, GRIA2, CALY, VSNL1, GAP43, TMEM130, PRKCE, PRKCB, SNAP25, SCN2B, RBFOX1
HGG-G34R.V_vs_HGG-IDH	Str/SVZ 39-Microglia	Striatum	Mouse P9	Str/SVZ 39-Microglia	2.6308866087871614e-4	5.342431335211119e-4	-0.6542368860134256	-2.5788819584779006	0	92	P2RY12, AIF1, BLNK, KCNK13, FAM105A, CX3CR1, MPEG1, SUSD3, CCR2, P2RY6, CD53, LST1, PTPRC, HPGDS, CTSS, RHOH, CD33, CD33, PIK3AP1, CD86, NCF1, VAV1, FYB, C1QA, IL10RA, LY86, C1QB, FLI1, LGMN, DOCK2, LYZ, CTSC, SLA, ARHGAP30, TMEM119, PLD4, FCER1G, NCKAP1L, FCGR2B, FCGR2B, CYTH4, LAPTM5, GNA15, LTC4S, DOCK8, CSF1R, C3AR1, SLCO2B1, ADAP2, TBXAS1, TYROBP, B2M, LAIR1, UNC93B1, MYO1F, TNFRSF13B, PTGS1, APBB1IP, C1QC, GPR183, LPCAT2, GMFG, TREM2, LYN	Anderson et al 2020	P2RY12, AIF1
HGG-G34R.V_vs_HGG-IDH	F-e15 MGL	Forebrain E15.5	Mouse E15.5	Microglia	2.6932399676811203e-4	5.342431335211119e-4	-0.6504181518757334	-2.612567432713169	0	104	EVI2A, CTSH, P2RY12, DHRS3, AIF1, APOE, SERINC3, FAM105A, CX3CR1, FCGRT, BIN2, CD300A, MS4A6A, MS4A6A, MS4A6A, P2RY6, CST3, FCGR1B, CD53, FCGR1A, CD48, LST1, HPGDS, CTSS, MS4A7, LCP1, GPR34, CD86, FCGR2A, RGS10, C1QA, ITM2B, LY86, CTSZ, CTSB, GAS6, CREG1, C1QB, LGMN, VAMP8, LYZ, CTSC, PLD4, PSAP, FCER1G, FCGR2B, CYTH4, LAPTM5, CD68, LTC4S, CSF1R, C3AR1, PYCARD, TYROBP, HCLS1, B2M, FTL, CYBA, CORO1A, SIRPG, MS4A6E, MS4A6E, MS4A6E, UNC93B1, OSTF1, CLTA, PLIN2, C1QC, GMFG, TREM2, LYN	Jessa et al 2019	EVI2A, CTSH, P2RY12, DHRS3, AIF1
HGG-G34R.V_vs_HGG-IDH	F-p6 NFOL	Forebrain P6	Mouse P6	Newly-forming oligodendrocytes	2.655337227827934e-4	5.342431335211119e-4	-0.6604569218320079	-2.6150005080557053	0	95	RAB33A, DNM3, UST, GPR17, LIMS2, TNR, ZNF488, SIRT2, NEU4, OPCML, TMEFF2, SOX10, EPCAM, PRKCQ, GAL3ST1, MATN4, ZNF365, FBXO7, AATK, ELOVL7, PTPRE, BCAS1, SLC1A1, C14orf37, GJC3, S100B, PLXNB3, C8orf46, AMZ1, SLC44A1, EPB41L2, RND2, KIAA1644, PPP1R16B, FYN, DUSP26, TMEM163, NKX2-2, NFASC, WASF1, UGT8, DBNDD2, FA2H, ENPP6, LGI3, TMEM88B, CNP, PLLP, SGK1, MYRF, CLDN11, TUBB4A, SLC5A7, ITPR2, CBLN2, MBP, SH3GL3, BMP4, S100A1	Jessa et al 2019	RAB33A, DNM3, UST, GPR17, LIMS2, TNR, ZNF488, SIRT2, NEU4, OPCML, TMEFF2, SOX10, EPCAM, PRKCQ, GAL3ST1, MATN4, ZNF365, FBXO7, AATK, ELOVL7, PTPRE, BCAS1, SLC1A1, C14orf37, GJC3
HGG-G34R.V_vs_HGG-IDH	F-p6 MGL	Forebrain P6	Mouse P6	Microglia	2.7041644131963225e-4	5.342431335211119e-4	-0.6612146035033667	-2.661148459453629	0	105	TIFAB, EVI2A, P2RY12, AIF1, BLNK, KCNK13, FAM105A, CX3CR1, IRF8, MPEG1, SUSD3, BIN2, TNFAIP8L2, CD300A, MS4A6A, P2RY6, FCGR1B, CCL18, CD53, FCGR1A, CD48, BCL2A1, PTPRC, HPGDS, CTSS, LCP1, GPR34, RHOH, CD33, CD86, FCGR2A, NCF1, RGS10, CD14, VAV1, C1QA, LY86, P2RY13, C1QB, LYZ, PLD4, FCER1G, FCGR2B, TLR2, PLEK, CYTH4, LAPTM5, CD68, GNA15, LTC4S, CSF1R, C3AR1, PYCARD, TBXAS1, TYROBP, GPR84, HCLS1, LAIR1, CORO1A, MS4A6E, NCF2, UNC93B1, MYO1F, PTPN6, PTGS1, APBB1IP, C1QC, GPR183, LPCAT2, GMFG, TREM2	Jessa et al 2019	TIFAB, EVI2A, P2RY12, AIF1
HGG-G34R.V_vs_HGG-IDH	F-p0 MGL	Forebrain P0	Mouse P0	Microglia	2.698327037236913e-4	5.342431335211119e-4	-0.6649224944182585	-2.6650552587247383	0	103	EVI2A, P2RY12, AIF1, BLNK, FAM105A, CX3CR1, IRF8, MPEG1, CCR5, SUSD3, BIN2, TNFAIP8L2, CD300A, MS4A6A, MS4A6A, P2RY6, FCGR1B, CCL18, CD53, FCGR1A, CD48, LST1, BCL2A1, PTPRC, HPGDS, CTSS, C19orf38, LCP1, GPR34, RHOH, CD33, CD86, FCGR2A, RGS10, C1QA, ADORA3, ADORA3, LY86, P2RY13, C1QB, LYZ, ARHGAP30, TMEM119, PLD4, FCER1G, FCGR2B, CYTH4, LAPTM5, CD68, LTC4S, CSF1R, C3AR1, HCK, PARVG, TBXAS1, TYROBP, LAIR1, MS4A6E, MS4A6E, NCF2, UNC93B1, MYO1F, TNFRSF13B, PTPN6, PTGS1, APBB1IP, C1QC, GPR183, IRF5, LPCAT2, GMFG, TREM2, LYN, LRRC25, SELPLG, ITGB2, NRROS, CD84, ALOX5AP	Jessa et al 2019	EVI2A, P2RY12, AIF1
HGG-G34R.V_vs_HGG-IDH	Str/SVZ 4-OPCs	Striatum	Mouse P9	Str/SVZ 4-OPCs	2.6469031233456857e-4	5.342431335211119e-4	-0.6749529972241642	-2.6670353970259573	0	94	C1QL1, NXPH1, OLIG2, SEMA3D, MEGF11, CSMD3, MYT1, LUZP2, CALCRL, PPAPDC1A, FAM155A, CNTN1, NLGN1, GPR17, KCND2, MMP16, NOVA1, TNR, KCNIP3, OLIG1, LRP1B, OPCML, SOX10, PRKCQ, STK32A, BRINP3, PCDH15, LSAMP, PTPRE, PHLDA1, TMEM100, KIF13A, SHC4, MAML2, PPP2R2B, GRIN3A, SOX6, SOX8, LRRC4C, SCRG1, PDE4B, DSCAM, DPP10, SULF2, TMEM132D	Anderson et al 2020	C1QL1, NXPH1, OLIG2, SEMA3D, MEGF11, CSMD3, MYT1, LUZP2, CALCRL, PPAPDC1A, FAM155A, CNTN1, NLGN1, GPR17, KCND2, MMP16, NOVA1, TNR, KCNIP3, OLIG1, LRP1B, OPCML, SOX10, PRKCQ, STK32A, BRINP3, PCDH15, LSAMP, PTPRE, PHLDA1, TMEM100, KIF13A
HGG-G34R.V_vs_HGG-IDH	F-p3 NFOL	Forebrain P3	Mouse P3	Newly-forming oligodendrocytes	2.673082063619353e-4	5.342431335211119e-4	-0.6800723503007214	-2.6930452104439664	0	96	RAB33A, DNM3, NCAM2, UST, GPR17, LIMS2, TNR, ZNF488, SIRT2, NEU4, OPCML, SOX10, EPCAM, PRKCQ, GAL3ST1, MATN4, ZNF365, FBXO7, AATK, ELOVL7, PTPRE, BCAS1, SLC1A1, EHD3, S100B, PLXNB3, C8orf46, AMZ1, SLC44A1, EPB41L2, SOX8, RND2, KIAA1644, PPP1R16B, FYN, SCRG1, DUSP26, TMEM163, NKX2-2, NFASC, WASF1, UGT8, TCF7L2, ARHGAP24, FA2H, ENPP6, LGI3, CNP, PLLP, SGK1, MYRF, CLDN11, TUBB4A, SLC5A7, SPSB1, ITPR2, MBP, SH3GL3, BMP4, S100A1	Jessa et al 2019	RAB33A, DNM3, NCAM2, UST, GPR17, LIMS2, TNR, ZNF488, SIRT2, NEU4, OPCML, SOX10, EPCAM, PRKCQ, GAL3ST1, MATN4, ZNF365, FBXO7, AATK, ELOVL7, PTPRE, BCAS1, SLC1A1, EHD3
HGG-G34R.V_vs_HGG-IDH	F-p3 OPC	Forebrain P3	Mouse P3	Oligodendrocyte precursor cells	2.6469031233456857e-4	5.342431335211119e-4	-0.6949867146770011	-2.7461974035663737	0	94	C1QL1, NXPH1, LHFPL3, OLIG2, RPRM, DNM3, MDGA2, CNTN1, GPR17, LIMS2, KCND2, MMP16, TNR, OLIG1, LRP1B, OPCML, ZDHHC2, SOX10, TGFA, PCDH11X, PRKCQ, KHDRBS2, MATN4, SAPCD2, GRIA2, FXYD6, BRINP3, PCDH15, CCND1, LSAMP, FXYD6-FXYD2, PTPRE, SLC1A1, C14orf37, PHLDA1, SHC4, C8orf46, SOX6, PIK3R1, SOX8, PPP1R16B, SCRG1, DSCAM, NKX2-2, NAP1L5, PCDH11Y, SULF2, ARHGAP31, RGCC, BRINP1, PLLP, OMG, MFSD2A, LNX1	Jessa et al 2019	C1QL1, NXPH1, LHFPL3, OLIG2, RPRM, DNM3, MDGA2, CNTN1, GPR17, LIMS2, KCND2, MMP16, TNR, OLIG1, LRP1B, OPCML, ZDHHC2, SOX10, TGFA, PCDH11X, PRKCQ, KHDRBS2, MATN4, SAPCD2, GRIA2, FXYD6, BRINP3, PCDH15, CCND1, LSAMP, FXYD6-FXYD2, PTPRE, SLC1A1, C14orf37, PHLDA1
HGG-G34R.V_vs_HGG-IDH	Str/SVZ 15-OPCs	Striatum	Mouse P9	Str/SVZ 15-OPCs	2.6469031233456857e-4	5.342431335211119e-4	-0.6980960662727502	-2.758483815808066	0	94	SEMA3D, DNM3, NCAM2, UST, CDH20, GPR17, LIMS2, TNR, SIRT2, NEU4, IGSF9B, OPCML, TMEFF2, SOX10, PRKCQ, GAL3ST1, BRINP3, ELOVL7, PTPRE, BCAS1, SLC1A1, CSGALNACT1, GJC3, S100B, SOX6, SLC44A1, SOX8, PPP1R16B, PCDH7, FYN, TMEM163, PDE4B, SHISA4, DSCAM, NKX2-2, NFASC, UGT8, SULF2, TMEM132D, TCF7L2, ARHGAP24, FA2H, ENPP6, CNP, PDCD4, PLLP, DYNLL2, SH3D19, CLDN11, TUBB4A, CDH13, ITPR2, CDC37L1, MBP, SH3GL3, BMP4, ZDHHC14, AGO3	Anderson et al 2020	SEMA3D, DNM3, NCAM2, UST, CDH20, GPR17, LIMS2, TNR, SIRT2, NEU4, IGSF9B, OPCML, TMEFF2, SOX10, PRKCQ, GAL3ST1, BRINP3, ELOVL7, PTPRE, BCAS1, SLC1A1, CSGALNACT1, GJC3
HGG-G34R.V_vs_HGG-IDH	HF OPC	Human fetal cortex/MGE	Human fetal	Oligodendrocyte progenitor cell	2.685284640171858e-4	5.342431335211119e-4	-0.7010418373565477	-2.7951567362878076	0	100	NXPH1, OLIG2, LUZP2, NCAM2, CALCRL, GALNT13, CNTN1, GPR17, CA10, LIMS2, KCND2, MMP16, DOCK10, TNR, OLIG1, EVI2A, SIRT2, LRRK2, ERBB3, P2RX7, CADM2, ANKRD20A1, VSTM2B, SCN1A, PLEKHH2, BRINP3, PCDH15, BCAS1, CHST3, CSGALNACT1, S100B, RAPGEF4, BMP8B, BMP8B, C8orf46, HAS2, EPB41L2, SMOC1, GRAMD3, LRRC4C, PDE4B, SLC9A9, SNX22, APOD, DSCAM, ZCCHC24, UGT8, SULF2, ATP13A4, PLOD2, CNP, C2orf80, OMG, SH3D19, CLDN11, IL1RAP, TF, TF, BCAN, RAB31, MBP, SERPINE2, XYLT1	Nowakowski et al 2017	NXPH1, OLIG2, LUZP2, NCAM2, CALCRL, GALNT13, CNTN1, GPR17, CA10, LIMS2, KCND2, MMP16, DOCK10, TNR, OLIG1, EVI2A, SIRT2, LRRK2, ERBB3, P2RX7, CADM2, ANKRD20A1, VSTM2B, SCN1A, PLEKHH2, BRINP3, PCDH15, BCAS1, CHST3, CSGALNACT1
HGG-G34R.V_vs_HGG-IDH	F-p6 OPC	Forebrain P6	Mouse P6	Oligodendrocyte precursor cells	2.673082063619353e-4	5.342431335211119e-4	-0.7143446061747305	-2.8287612625548886	0	96	C1QL1, NXPH1, LHFPL3, OLIG2, RPRM, CSMD3, GALNT13, CNTN1, GPR17, LIMS2, KCND2, MMP16, TNR, OLIG1, LRP1B, OPCML, ZDHHC2, SOX10, PCDH11X, PRKCQ, KHDRBS2, MATN4, SAPCD2, GRIA2, FXYD6, BRINP3, PCDH15, LSAMP, FXYD6-FXYD2, CALY, PTPRE, SYT16, GAP43, C14orf37, LYPD1, SNAP25, TCEAL3, C1QL3, NSG1, C8orf46, LY6H, SOX6, DPYSL3, SOX8, SCRG1, SCN3A, BEX2, DSCAM, NAP1L5, PCDH11Y, SULF2, TCEAL5	Jessa et al 2019	C1QL1, NXPH1, LHFPL3, OLIG2, RPRM, CSMD3, GALNT13, CNTN1, GPR17, LIMS2, KCND2, MMP16, TNR, OLIG1, LRP1B, OPCML, ZDHHC2, SOX10, PCDH11X, PRKCQ, KHDRBS2, MATN4, SAPCD2, GRIA2, FXYD6, BRINP3, PCDH15, LSAMP, FXYD6-FXYD2, CALY, PTPRE, SYT16, GAP43, C14orf37, LYPD1, SNAP25, TCEAL3
HGG-G34R.V_vs_HGG-IDH	HP OPC	NA	Human ped/adult	NA	2.675943270002676e-4	5.342431335211119e-4	-0.7237136981471471	-2.882804882379576	0	99	NXPH1, LHFPL3, NOVA1-AS1, MEGF11, CSMD3, LUZP2, GRIK2, FGF12, GALNT13, NLGN1, CA10, KCND2, MMP16, LRRTM4, NOVA1, TNR, OLIG1, LPHN3, LRP1B, FGF14, SCD5, OPCML, DCC, ZFPM2, DPP6, KAT2B, SCN1A, PLEKHH2, STK32A, BRINP3, PCDH15, LSAMP, RORA, CNTNAP5, KIF13A, MAML2, SOX6, KCNIP4, SMOC1, LRRC4C, VCAN, APOD, DSCAM, OPHN1, ADARB2, GRID2, SULF2, RP11-385J1.2	Velmeshev et al 2019	NXPH1, LHFPL3, NOVA1-AS1, MEGF11, CSMD3, LUZP2, GRIK2, FGF12, GALNT13, NLGN1, CA10, KCND2, MMP16, LRRTM4, NOVA1, TNR, OLIG1, LRP1B, FGF14, SCD5, OPCML, DCC, ZFPM2, DPP6, KAT2B, SCN1A, PLEKHH2, STK32A, BRINP3, PCDH15, LSAMP, RORA, CNTNAP5, KIF13A
HGG-G34R.V_vs_HGG-IDH	HF Microglia	Human fetal cortex/MGE	Human fetal	Microglia	2.685284640171858e-4	5.342431335211119e-4	-0.7289027031337236	-2.9062420988241326	0	100	ADAM28, P2RY12, TAGAP, TAGAP, TAGAP, TAGAP, HMOX1, NCF4, TLR4, BLNK, PTAFR, FOLR2, CX3CR1, IRF8, BIN2, SRGN, FPR1, CD53, FCGR1A, SAMSN1, LAT2, BCL2A1, BCL2A1, BCL2A1, BCL2A1, PTPRC, HPGDS, IL1B, MS4A7, LCP1, VSIG4, FCGR2A, FCGR2A, RNASE1, CD74, RGS10, CCL5, FYB, C1QA, ADORA3, DHRS9, C10orf54, MSR1, LY86, TLR7, CSF2RA, P2RY13, ATP8B4, C1QB, CD69, HAVCR2, SPP1, FCER1G, NCKAP1L, PLEK, CYTH4, LAPTM5, CSF3R, CYBB, NLRP3, DOCK8, CSF1R, C3AR1, C5AR1, ADAP2, TYROBP, SIGLEC8, HCLS1, PTGS1, RGS1, APBB1IP, TMEM52B, C1QC, GPR183, ARHGAP25, CLEC7A, STAB1, TREM2, CH25H, C3, CD4, SELPLG, ITGB2, ITGB2, CD84	Nowakowski et al 2017	ADAM28, P2RY12, TAGAP, TAGAP, TAGAP, TAGAP, HMOX1, NCF4, TLR4
HGG-G34R.V_vs_HGG-IDH	VSVZ-1 Neuron	V-SVZ	Mouse adult	VSVZ-1 Neuron	2.594706798131811e-4	5.342431335211119e-4	-0.7405605786606291	-2.9086971671554	0	89	CELF5, SCN2A, PPP1R1B, UNC80, ATP6V1G2, CDK5R2, ARPP21, GRM5, PTPRN, HPCAL4, GRIN1, VAT1L, PSD, CPLX2, GNAL, PPP3CA, VGF, CALN1, FBXL16, RAB3C, CALY, VSNL1, GAP43, TMEM130, PRKCE, PRKCB, SNAP25, SNCB, SCN2B, RGS9, DDN, RBFOX1, SLC12A5, MYT1L, ADCY5, SPTBN2, KCNIP2, SULT4A1, SH2D5, AGAP2, CELF4, CX3CL1, SYT1, PHYHIP, CAMK2B, NRSN1, DNM1, NRGN, HPCA, ATP1A3, RASGEF1A, PTPN5, RBFOX3, GRIN2A, HAP1, CAMK2A, KCNQ2, DIRAS2	Mizrak et al 2019	CELF5, SCN2A, PPP1R1B, UNC80, ATP6V1G2, CDK5R2, ARPP21, GRM5, PTPRN, HPCAL4, GRIN1, VAT1L, PSD, CPLX2, GNAL, PPP3CA, VGF, CALN1, FBXL16, RAB3C, CALY, VSNL1, GAP43, TMEM130, PRKCE, PRKCB, SNAP25, SNCB, SCN2B, RGS9, DDN, RBFOX1
